DATETIME,CARRY,CARRY_CONTRACT,PRICE,PRICE_CONTRACT,FORWARD,FORWARD_CONTRACT
2021-11-12 23:00:00,299.0,20220500,292.6,20220200,299.0,20220500
2021-11-15 23:00:00,299.0,20220500,292.6,20220200,299.0,20220500
2021-11-16 23:00:00,299.0,20220500,292.6,20220200,299.0,20220500
2021-11-17 23:00:00,299.0,20220500,292.6,20220200,299.0,20220500
2021-11-18 23:00:00,299.0,20220500,292.6,20220200,299.0,20220500
2021-11-19 23:00:00,299.0,20220500,292.6,20220200,299.0,20220500
2021-11-22 23:00:00,299.0,20220500,292.6,20220200,299.0,20220500
2021-11-23 23:00:00,299.0,20220500,292.6,20220200,299.0,20220500
2021-11-24 23:00:00,299.0,20220500,292.6,20220200,299.0,20220500
2021-11-26 23:00:00,299.0,20220500,292.6,20220200,299.0,20220500
2021-11-29 23:00:00,299.0,20220500,292.6,20220200,299.0,20220500
2021-11-30 23:00:00,299.0,20220500,292.6,20220200,299.0,20220500
2021-12-01 23:00:00,299.0,20220500,292.6,20220200,299.0,20220500
2021-12-02 23:00:00,299.0,20220500,292.6,20220200,299.0,20220500
2021-12-03 23:00:00,299.0,20220500,292.6,20220200,299.0,20220500
2021-12-06 23:00:00,299.0,20220500,293.0,20220200,299.0,20220500
2021-12-07 23:00:00,299.0,20220500,293.0,20220200,299.0,20220500
2021-12-08 23:00:00,299.0,20220500,293.2,20220200,299.0,20220500
2021-12-09 23:00:00,299.0,20220500,293.2,20220200,299.0,20220500
2021-12-10 23:00:00,299.0,20220500,293.2,20220200,299.0,20220500
2021-12-13 23:00:00,299.0,20220500,293.2,20220200,299.0,20220500
2021-12-14 23:00:00,299.0,20220500,293.2,20220200,299.0,20220500
2021-12-15 23:00:00,299.0,20220500,293.2,20220200,299.0,20220500
2021-12-16 23:00:00,299.0,20220500,293.2,20220200,299.0,20220500
2021-12-17 23:00:00,299.0,20220500,293.2,20220200,299.0,20220500
2021-12-20 23:00:00,299.0,20220500,293.2,20220200,299.0,20220500
2021-12-21 23:00:00,299.0,20220500,293.2,20220200,299.0,20220500
2021-12-22 23:00:00,299.0,20220500,293.2,20220200,299.0,20220500
2021-12-23 23:00:00,299.0,20220500,293.2,20220200,299.0,20220500
2021-12-27 23:00:00,299.0,20220500,293.2,20220200,299.0,20220500
2021-12-28 23:00:00,299.0,20220500,295.0,20220200,299.0,20220500
2021-12-29 23:00:00,299.0,20220500,295.0,20220200,299.0,20220500
2021-12-30 23:00:00,299.0,20220500,295.0,20220200,299.0,20220500
2021-12-31 23:00:00,299.0,20220500,295.0,20220200,299.0,20220500
2022-01-03 23:00:00,299.0,20220500,295.0,20220200,299.0,20220500
2022-01-04 23:00:00,299.0,20220500,295.0,20220200,299.0,20220500
2022-01-05 23:00:00,299.0,20220500,295.0,20220200,299.0,20220500
2022-01-06 23:00:00,299.0,20220500,295.0,20220200,299.0,20220500
2022-01-07 23:00:00,299.0,20220500,295.0,20220200,299.0,20220500
2022-01-10 23:00:00,299.0,20220500,295.0,20220200,299.0,20220500
2022-01-11 23:00:00,299.0,20220500,295.0,20220200,299.0,20220500
2022-01-12 23:00:00,299.0,20220500,295.0,20220200,299.0,20220500
2022-01-13 23:00:00,299.0,20220500,295.0,20220200,299.0,20220500
2022-01-14 23:00:00,299.0,20220500,295.4,20220200,299.0,20220500
2022-01-18 23:00:00,299.0,20220500,295.4,20220200,299.0,20220500
2022-01-19 23:00:00,299.0,20220500,295.4,20220200,299.0,20220500
2022-01-20 23:00:00,299.0,20220500,295.4,20220200,299.0,20220500
2022-01-21 23:00:00,299.0,20220500,295.4,20220200,299.0,20220500
2022-01-24 23:00:00,299.0,20220500,295.4,20220200,299.0,20220500
2022-01-25 23:00:00,299.0,20220500,295.4,20220200,299.0,20220500
2022-01-26 23:00:00,299.0,20220500,295.4,20220200,299.0,20220500
2022-01-27 23:00:00,299.0,20220500,296.0,20220200,299.0,20220500
2022-01-28 23:00:00,299.0,20220500,296.0,20220200,299.0,20220500
2022-01-31 23:00:00,299.0,20220500,296.0,20220200,299.0,20220500
2022-02-01 23:00:00,299.0,20220500,296.0,20220200,299.0,20220500
2022-02-02 23:00:00,299.0,20220500,296.0,20220200,299.0,20220500
2022-02-03 23:00:00,299.0,20220500,296.0,20220200,299.0,20220500
2022-02-04 23:00:00,299.0,20220500,296.0,20220200,299.0,20220500
2022-02-07 23:00:00,299.0,20220500,296.0,20220200,299.0,20220500
2022-02-08 23:00:00,299.0,20220500,296.0,20220200,299.0,20220500
2022-02-09 23:00:00,299.0,20220500,296.0,20220200,299.0,20220500
2022-02-10 23:00:00,299.0,20220500,296.0,20220200,299.0,20220500
2022-02-11 23:00:00,299.0,20220500,296.0,20220200,299.0,20220500
2022-02-14 23:00:00,306.0,20220800,299.0,20220500,306.0,20220800
2022-02-15 23:00:00,306.0,20220800,299.6,20220500,306.0,20220800
2022-02-16 23:00:00,306.0,20220800,300.0,20220500,306.0,20220800
2022-02-17 23:00:00,306.0,20220800,300.0,20220500,306.0,20220800
2022-02-18 23:00:00,306.0,20220800,300.0,20220500,306.0,20220800
2022-02-22 23:00:00,306.0,20220800,301.0,20220500,306.0,20220800
2022-02-23 23:00:00,306.6,20220800,302.0,20220500,306.6,20220800
2022-02-24 23:00:00,306.6,20220800,302.0,20220500,306.6,20220800
2022-02-25 23:00:00,306.6,20220800,302.0,20220500,306.6,20220800
2022-02-28 23:00:00,306.6,20220800,302.0,20220500,306.6,20220800
2022-03-01 23:00:00,307.0,20220800,302.4,20220500,307.0,20220800
2022-03-02 23:00:00,307.0,20220800,302.4,20220500,307.0,20220800
2022-03-03 23:00:00,307.0,20220800,302.4,20220500,307.0,20220800
2022-03-04 23:00:00,307.6,20220800,303.0,20220500,307.6,20220800
2022-03-07 23:00:00,308.0,20220800,303.0,20220500,308.0,20220800
2022-03-08 23:00:00,308.0,20220800,303.0,20220500,308.0,20220800
2022-03-09 23:00:00,308.0,20220800,303.0,20220500,308.0,20220800
2022-03-10 23:00:00,308.4,20220800,303.4,20220500,308.4,20220800
2022-03-11 23:00:00,308.4,20220800,303.4,20220500,308.4,20220800
2022-03-14 23:00:00,308.4,20220800,303.4,20220500,308.4,20220800
2022-03-15 23:00:00,308.4,20220800,303.4,20220500,308.4,20220800
2022-03-16 23:00:00,308.4,20220800,303.4,20220500,308.4,20220800
2022-03-17 23:00:00,308.4,20220800,303.4,20220500,308.4,20220800
2022-03-18 23:00:00,308.4,20220800,303.4,20220500,308.4,20220800
2022-03-21 23:00:00,311.4,20220800,303.4,20220500,311.4,20220800
2022-03-22 23:00:00,311.4,20220800,303.4,20220500,311.4,20220800
2022-03-23 23:00:00,311.4,20220800,303.4,20220500,311.4,20220800
2022-03-24 23:00:00,311.4,20220800,303.4,20220500,311.4,20220800
2022-03-25 23:00:00,311.4,20220800,303.4,20220500,311.4,20220800
2022-03-28 23:00:00,312.0,20220800,304.0,20220500,312.0,20220800
2022-03-29 23:00:00,317.0,20220800,308.0,20220500,317.0,20220800
2022-03-30 23:00:00,317.0,20220800,308.0,20220500,317.0,20220800
2022-03-31 23:00:00,317.0,20220800,308.0,20220500,317.0,20220800
2022-04-01 23:00:00,317.0,20220800,308.0,20220500,317.0,20220800
2022-04-04 23:00:00,317.0,20220800,308.0,20220500,317.0,20220800
2022-04-05 23:00:00,317.4,20220800,308.4,20220500,317.4,20220800
2022-04-06 23:00:00,317.4,20220800,308.4,20220500,317.4,20220800
2022-04-07 23:00:00,317.4,20220800,308.4,20220500,317.4,20220800
2022-04-08 23:00:00,317.4,20220800,308.4,20220500,317.4,20220800
2022-04-11 23:00:00,319.0,20220800,310.0,20220500,319.0,20220800
2022-04-12 23:00:00,319.0,20220800,310.0,20220500,319.0,20220800
2022-04-13 23:00:00,319.0,20220800,310.0,20220500,319.0,20220800
2022-04-14 23:00:00,319.0,20220800,310.0,20220500,319.0,20220800
2022-04-18 23:00:00,319.0,20220800,310.0,20220500,319.0,20220800
2022-04-19 23:00:00,319.0,20220800,310.0,20220500,319.0,20220800
2022-04-20 23:00:00,319.0,20220800,310.0,20220500,319.0,20220800
2022-04-21 23:00:00,319.0,20220800,310.0,20220500,319.0,20220800
2022-04-22 23:00:00,319.6,20220800,310.6,20220500,319.6,20220800
2022-04-25 23:00:00,320.2,20220800,311.2,20220500,320.2,20220800
2022-04-26 23:00:00,324.0,20220800,313.0,20220500,324.0,20220800
2022-04-27 23:00:00,325.0,20220800,314.0,20220500,325.0,20220800
2022-04-28 23:00:00,325.0,20220800,314.0,20220500,325.0,20220800
2022-04-29 23:00:00,325.0,20220800,314.0,20220500,325.0,20220800
2022-05-02 23:00:00,325.0,20220800,314.0,20220500,325.0,20220800
2022-05-03 23:00:00,326.0,20220800,315.0,20220500,326.0,20220800
2022-05-04 23:00:00,327.6,20220800,315.6,20220500,327.6,20220800
2022-05-05 23:00:00,327.6,20220800,315.6,20220500,327.6,20220800
2022-05-06 23:00:00,327.6,20220800,315.6,20220500,327.6,20220800
2022-05-09 23:00:00,328.6,20220800,315.6,20220500,328.6,20220800
2022-05-10 23:00:00,328.6,20220800,315.6,20220500,328.6,20220800
2022-05-11 23:00:00,328.6,20220800,315.6,20220500,328.6,20220800
2022-05-12 23:00:00,330.4,20221100,328.6,20220800,330.4,20221100
2022-05-13 23:00:00,330.4,20221100,329.0,20220800,330.4,20221100
2022-05-16 23:00:00,330.4,20221100,329.0,20220800,330.4,20221100
2022-05-17 23:00:00,330.4,20221100,329.0,20220800,330.4,20221100
2022-05-18 23:00:00,330.2,20221100,329.0,20220800,330.2,20221100
2022-05-19 23:00:00,330.2,20221100,329.0,20220800,330.2,20221100
2022-05-20 23:00:00,328.2,20221100,329.0,20220800,328.2,20221100
2022-05-23 23:00:00,328.2,20221100,329.0,20220800,328.2,20221100
2022-05-24 23:00:00,324.6,20221100,329.0,20220800,324.6,20221100
2022-05-25 23:00:00,324.6,20221100,329.0,20220800,324.6,20221100
2022-05-26 23:00:00,324.6,20221100,329.0,20220800,324.6,20221100
2022-05-27 23:00:00,324.6,20221100,329.0,20220800,324.6,20221100
2022-05-31 23:00:00,324.6,20221100,329.0,20220800,324.6,20221100
2022-06-01 23:00:00,324.6,20221100,329.0,20220800,324.6,20221100
2022-06-02 23:00:00,324.6,20221100,329.0,20220800,324.6,20221100
2022-06-03 23:00:00,324.6,20221100,329.0,20220800,324.6,20221100
2022-06-06 23:00:00,324.6,20221100,329.0,20220800,324.6,20221100
2022-06-07 23:00:00,324.6,20221100,329.0,20220800,324.6,20221100
2022-06-08 23:00:00,324.6,20221100,329.0,20220800,324.6,20221100
2022-06-09 23:00:00,324.6,20221100,329.0,20220800,324.6,20221100
2022-06-10 23:00:00,324.0,20221100,329.0,20220800,324.0,20221100
2022-06-13 23:00:00,324.0,20221100,329.0,20220800,324.0,20221100
2022-06-14 23:00:00,324.0,20221100,329.0,20220800,324.0,20221100
2022-06-15 23:00:00,324.0,20221100,329.0,20220800,324.0,20221100
2022-06-16 23:00:00,323.8,20221100,329.0,20220800,323.8,20221100
2022-06-17 23:00:00,323.8,20221100,327.0,20220800,323.8,20221100
2022-06-21 23:00:00,323.8,20221100,327.0,20220800,323.8,20221100
2022-06-22 23:00:00,322.0,20221100,327.0,20220800,322.0,20221100
2022-06-23 23:00:00,322.0,20221100,327.0,20220800,322.0,20221100
2022-06-24 23:00:00,322.0,20221100,327.0,20220800,322.0,20221100
2022-06-27 23:00:00,322.0,20221100,327.0,20220800,322.0,20221100
2022-06-28 23:00:00,322.0,20221100,330.0,20220800,322.0,20221100
2022-06-29 23:00:00,322.0,20221100,330.0,20220800,322.0,20221100
2022-06-30 23:00:00,322.0,20221100,330.0,20220800,322.0,20221100
2022-07-01 23:00:00,322.0,20221100,330.0,20220800,322.0,20221100
2022-07-05 23:00:00,322.0,20221100,330.0,20220800,322.0,20221100
2022-07-06 23:00:00,322.0,20221100,330.0,20220800,322.0,20221100
2022-07-07 23:00:00,322.0,20221100,330.0,20220800,322.0,20221100
2022-07-08 23:00:00,322.0,20221100,330.0,20220800,322.0,20221100
2022-07-11 23:00:00,322.0,20221100,330.0,20220800,322.0,20221100
2022-07-12 23:00:00,322.0,20221100,330.0,20220800,322.0,20221100
2022-07-13 23:00:00,316.0,20221100,330.0,20220800,316.0,20221100
2022-07-14 23:00:00,316.0,20221100,330.0,20220800,316.0,20221100
2022-07-15 23:00:00,316.0,20221100,330.0,20220800,316.0,20221100
2022-07-18 23:00:00,316.0,20221100,330.0,20220800,316.0,20221100
2022-07-19 23:00:00,314.0,20221100,330.0,20220800,314.0,20221100
2022-07-20 23:00:00,314.0,20221100,330.0,20220800,314.0,20221100
2022-07-21 23:00:00,314.0,20221100,330.0,20220800,314.0,20221100
2022-07-22 23:00:00,314.0,20221100,330.0,20220800,314.0,20221100
2022-07-25 23:00:00,314.0,20221100,330.0,20220800,314.0,20221100
2022-07-26 23:00:00,314.0,20221100,330.0,20220800,314.0,20221100
2022-07-27 23:00:00,314.0,20221100,330.0,20220800,314.0,20221100
2022-07-28 23:00:00,314.0,20221100,330.0,20220800,314.0,20221100
2022-07-29 23:00:00,314.0,20221100,329.0,20220800,314.0,20221100
2022-08-01 23:00:00,314.0,20221100,329.0,20220800,314.0,20221100
2022-08-02 23:00:00,314.0,20221100,329.0,20220800,314.0,20221100
2022-08-03 23:00:00,314.0,20221100,329.0,20220800,314.0,20221100
2022-08-04 23:00:00,314.0,20221100,329.0,20220800,314.0,20221100
2022-08-05 23:00:00,314.0,20221100,329.0,20220800,314.0,20221100
2022-08-08 23:00:00,314.0,20221100,329.0,20220800,314.0,20221100
2022-08-09 23:00:00,314.0,20221100,329.0,20220800,314.0,20221100
2022-08-10 23:00:00,314.0,20221100,329.0,20220800,314.0,20221100
2022-08-11 23:00:00,314.0,20221100,329.0,20220800,314.0,20221100
2022-08-12 23:00:00,297.0,20230200,314.0,20221100,297.0,20230200
2022-08-15 23:00:00,297.0,20230200,314.0,20221100,297.0,20230200
2022-08-16 23:00:00,300.0,20230200,316.0,20221100,300.0,20230200
2022-08-17 23:00:00,302.0,20230200,316.0,20221100,302.0,20230200
2022-08-18 23:00:00,300.0,20230200,316.0,20221100,300.0,20230200
2022-08-19 23:00:00,300.0,20230200,316.0,20221100,300.0,20230200
2022-08-22 23:00:00,300.0,20230200,315.0,20221100,300.0,20230200
2022-08-23 23:00:00,300.0,20230200,315.0,20221100,300.0,20230200
2022-08-24 23:00:00,300.0,20230200,315.0,20221100,300.0,20230200
2022-08-25 23:00:00,300.0,20230200,315.0,20221100,300.0,20230200
2022-08-26 23:00:00,300.0,20230200,315.0,20221100,300.0,20230200
2022-08-29 23:00:00,300.0,20230200,315.0,20221100,300.0,20230200
2022-08-30 23:00:00,300.0,20230200,315.0,20221100,300.0,20230200
2022-08-31 23:00:00,300.0,20230200,315.0,20221100,300.0,20230200
2022-09-01 23:00:00,300.0,20230200,315.0,20221100,300.0,20230200
2022-09-02 23:00:00,299.0,20230200,315.0,20221100,299.0,20230200
2022-09-06 23:00:00,299.0,20230200,315.0,20221100,299.0,20230200
2022-09-07 23:00:00,299.0,20230200,315.0,20221100,299.0,20230200
2022-09-08 23:00:00,299.0,20230200,315.0,20221100,299.0,20230200
2022-09-09 23:00:00,299.0,20230200,315.0,20221100,299.0,20230200
2022-09-12 23:00:00,299.0,20230200,315.0,20221100,299.0,20230200
2022-09-13 23:00:00,299.0,20230200,315.0,20221100,299.0,20230200
2022-09-14 23:00:00,299.0,20230200,315.0,20221100,299.0,20230200
2022-09-15 23:00:00,299.0,20230200,315.0,20221100,299.0,20230200
2022-09-16 23:00:00,299.0,20230200,315.0,20221100,299.0,20230200
2022-09-19 23:00:00,299.0,20230200,315.0,20221100,299.0,20230200
2022-09-20 23:00:00,299.0,20230200,315.0,20221100,299.0,20230200
2022-09-21 19:00:00,296.8,20230200,,20221100,296.8,20230200
2022-09-21 23:00:00,296.8,20230200,315.0,20221100,296.8,20230200
2022-09-22 23:00:00,296.8,20230200,315.0,20221100,296.8,20230200
2022-09-23 23:00:00,296.8,20230200,315.0,20221100,296.8,20230200
2022-09-26 23:00:00,296.8,20230200,315.0,20221100,296.8,20230200
2022-09-27 23:00:00,296.8,20230200,315.0,20221100,296.8,20230200
2022-09-28 23:00:00,296.8,20230200,315.0,20221100,296.8,20230200
2022-09-29 23:00:00,296.8,20230200,315.0,20221100,296.8,20230200
2022-09-30 20:00:00,,20230200,313.0,20221100,,20230200
2022-09-30 23:00:00,296.8,20230200,315.0,20221100,296.8,20230200
2022-10-03 23:00:00,296.8,20230200,314.0,20221100,296.8,20230200
2022-10-04 23:00:00,296.8,20230200,314.0,20221100,296.8,20230200
2022-10-05 23:00:00,296.8,20230200,314.0,20221100,296.8,20230200
2022-10-06 23:00:00,296.8,20230200,313.6,20221100,296.8,20230200
2022-10-07 23:00:00,295.0,20230200,313.6,20221100,295.0,20230200
2022-10-10 23:00:00,294.0,20230200,313.6,20221100,294.0,20230200
2022-10-11 23:00:00,294.0,20230200,313.6,20221100,294.0,20230200
2022-10-12 23:00:00,294.0,20230200,313.6,20221100,294.0,20230200
2022-10-13 23:00:00,293.0,20230200,313.6,20221100,293.0,20230200
2022-10-14 23:00:00,293.0,20230200,313.6,20221100,293.0,20230200
2022-10-17 23:00:00,293.0,20230200,313.6,20221100,293.0,20230200
2022-10-18 23:00:00,293.0,20230200,313.6,20221100,293.0,20230200
2022-10-19 23:00:00,293.0,20230200,313.6,20221100,293.0,20230200
2022-10-20 23:00:00,293.0,20230200,313.6,20221100,293.0,20230200
2022-10-21 23:00:00,293.0,20230200,313.6,20221100,293.0,20230200
2022-10-24 23:00:00,292.0,20230200,313.6,20221100,292.0,20230200
2022-10-25 23:00:00,292.0,20230200,313.6,20221100,292.0,20230200
2022-10-26 15:00:00,,20230200,312.2,20221100,,20230200
2022-10-26 19:00:00,,20230200,312.2,20221100,,20230200
2022-10-26 23:00:00,292.0,20230200,312.2,20221100,292.0,20230200
2022-10-27 23:00:00,291.6,20230200,312.2,20221100,291.6,20230200
2022-10-28 23:00:00,291.6,20230200,312.2,20221100,291.6,20230200
2022-10-31 23:00:00,290.0,20230200,312.2,20221100,290.0,20230200
2022-11-01 23:00:00,290.0,20230200,312.2,20221100,290.0,20230200
2022-11-02 15:00:00,288.0,20230200,,20221100,288.0,20230200
2022-11-02 23:00:00,289.6,20230200,312.2,20221100,289.6,20230200
2022-11-03 23:00:00,289.6,20230200,312.2,20221100,289.6,20230200
2022-11-04 23:00:00,289.6,20230200,312.2,20221100,289.6,20230200
2022-11-04 23:00:01,285.0,20230500,289.6,20230200,285.0,20230500
2022-11-07 23:00:00,285.0,20230500,289.6,20230200,285.0,20230500
2022-11-08 23:00:00,285.0,20230500,289.6,20230200,285.0,20230500
2022-11-09 23:00:00,285.0,20230500,289.6,20230200,285.0,20230500
2022-11-10 16:00:00,,20230500,290.0,20230200,,20230500
2022-11-10 23:00:00,285.0,20230500,290.0,20230200,285.0,20230500
2022-11-11 23:00:00,285.0,20230500,290.0,20230200,285.0,20230500
2022-11-14 23:00:00,285.0,20230500,290.0,20230200,285.0,20230500
2022-11-15 23:00:00,285.0,20230500,290.0,20230200,285.0,20230500
2022-11-16 23:00:00,285.0,20230500,290.0,20230200,285.0,20230500
2022-11-17 15:00:00,,20230500,290.8,20230200,,20230500
2022-11-17 23:00:00,285.0,20230500,290.8,20230200,285.0,20230500
2022-11-18 23:00:00,285.0,20230500,290.8,20230200,285.0,20230500
2022-11-21 23:00:00,285.0,20230500,290.8,20230200,285.0,20230500
2022-11-22 23:00:00,285.0,20230500,290.8,20230200,285.0,20230500
2022-11-23 23:00:00,285.0,20230500,290.8,20230200,285.0,20230500
2022-11-25 23:00:00,285.0,20230500,290.8,20230200,285.0,20230500
2022-11-28 23:00:00,285.0,20230500,290.8,20230200,285.0,20230500
2022-11-29 23:00:00,285.0,20230500,290.8,20230200,285.0,20230500
2022-11-30 20:00:00,,20230500,291.8,20230200,,20230500
2022-11-30 23:00:00,285.0,20230500,290.8,20230200,285.0,20230500
2022-12-01 23:00:00,285.0,20230500,291.0,20230200,285.0,20230500
2022-12-02 23:00:00,285.0,20230500,291.0,20230200,285.0,20230500
2022-12-05 23:00:00,285.0,20230500,291.8,20230200,285.0,20230500
2022-12-06 23:00:00,285.0,20230500,291.8,20230200,285.0,20230500
2022-12-07 23:00:00,285.0,20230500,291.8,20230200,285.0,20230500
2022-12-08 23:00:00,285.0,20230500,291.8,20230200,285.0,20230500
2022-12-09 23:00:00,285.0,20230500,291.8,20230200,285.0,20230500
2022-12-12 23:00:00,285.0,20230500,291.8,20230200,285.0,20230500
2022-12-13 23:00:00,285.0,20230500,291.8,20230200,285.0,20230500
2022-12-14 23:00:00,285.0,20230500,291.8,20230200,285.0,20230500
2022-12-15 23:00:00,285.0,20230500,291.8,20230200,285.0,20230500
2022-12-16 23:00:00,285.0,20230500,291.8,20230200,285.0,20230500
2022-12-19 23:00:00,285.0,20230500,291.8,20230200,285.0,20230500
2022-12-20 23:00:00,285.0,20230500,291.8,20230200,285.0,20230500
2022-12-21 23:00:00,285.0,20230500,291.8,20230200,285.0,20230500
2022-12-22 23:00:00,285.0,20230500,295.6,20230200,285.0,20230500
2022-12-23 15:00:00,,20230500,295.6,20230200,,20230500
2022-12-23 23:00:00,285.0,20230500,295.6,20230200,285.0,20230500
2022-12-27 14:30:00,,20230500,299.0,20230200,,20230500
2022-12-27 23:00:00,285.0,20230500,299.0,20230200,285.0,20230500
2022-12-28 23:00:00,285.0,20230500,299.0,20230200,285.0,20230500
2022-12-29 23:00:00,285.0,20230500,299.0,20230200,285.0,20230500
2022-12-30 23:00:00,285.0,20230500,299.0,20230200,285.0,20230500
2023-01-03 23:00:00,285.0,20230500,301.2,20230200,285.0,20230500
2023-01-04 23:00:00,285.0,20230500,301.2,20230200,285.0,20230500
2023-01-05 23:00:00,285.0,20230500,301.8,20230200,285.0,20230500
2023-01-06 23:00:00,285.0,20230500,301.8,20230200,285.0,20230500
2023-01-09 23:00:00,289.0,20230500,301.8,20230200,289.0,20230500
2023-01-10 23:00:00,290.0,20230500,301.8,20230200,290.0,20230500
2023-01-11 23:00:00,290.0,20230500,301.8,20230200,290.0,20230500
2023-01-12 23:00:00,290.0,20230500,301.8,20230200,290.0,20230500
2023-01-13 23:00:00,290.0,20230500,301.8,20230200,290.0,20230500
2023-01-17 23:00:00,290.0,20230500,301.8,20230200,290.0,20230500
2023-01-18 23:00:00,291.0,20230500,302.2,20230200,291.0,20230500
2023-01-19 20:00:00,,20230500,305.0,20230200,,20230500
2023-01-19 23:00:00,291.0,20230500,302.2,20230200,291.0,20230500
2023-01-20 23:00:00,293.0,20230500,303.2,20230200,293.0,20230500
2023-01-23 23:00:00,293.0,20230500,303.2,20230200,293.0,20230500
2023-01-24 23:00:00,293.0,20230500,303.2,20230200,293.0,20230500
2023-01-25 23:00:00,293.0,20230500,303.2,20230200,293.0,20230500
2023-01-26 23:00:00,294.0,20230500,303.2,20230200,294.0,20230500
2023-01-27 23:00:00,294.0,20230500,303.2,20230200,294.0,20230500
2023-01-30 20:00:00,,20230500,305.2,20230200,,20230500
2023-01-30 23:00:00,294.0,20230500,304.2,20230200,294.0,20230500
2023-01-31 23:00:00,295.0,20230500,306.0,20230200,295.0,20230500
2023-02-01 23:00:00,298.0,20230500,308.0,20230200,298.0,20230500
2023-02-02 23:00:00,298.0,20230500,308.0,20230200,298.0,20230500
2023-02-03 16:00:00,,20230500,312.0,20230200,,20230500
2023-02-03 23:00:00,300.2,20230500,312.0,20230200,300.2,20230500
2023-02-06 23:00:00,300.2,20230500,312.0,20230200,300.2,20230500
2023-02-07 23:00:00,300.6,20230500,311.8,20230200,300.6,20230500
2023-02-08 23:00:00,301.0,20230500,311.8,20230200,301.0,20230500
2023-02-09 23:00:00,301.0,20230500,311.8,20230200,301.0,20230500
2023-02-10 23:00:00,301.0,20230500,311.8,20230200,301.0,20230500
2023-02-13 23:00:00,301.0,20230500,311.8,20230200,301.0,20230500
2023-02-14 23:00:00,301.0,20230500,311.8,20230200,301.0,20230500
2023-02-15 15:00:00,,20230500,312.0,20230200,,20230500
2023-02-15 16:00:00,,20230500,312.0,20230200,,20230500
2023-02-15 23:00:00,302.0,20230500,312.0,20230200,302.0,20230500
2023-02-16 23:00:00,302.0,20230500,312.0,20230200,302.0,20230500
2023-02-17 23:00:00,302.0,20230500,312.0,20230200,302.0,20230500
2023-02-17 23:00:01,299.0,20230800,302.0,20230500,299.0,20230800
2023-02-21 23:00:00,299.0,20230800,302.0,20230500,299.0,20230800
2023-02-22 23:00:00,299.0,20230800,302.0,20230500,299.0,20230800
2023-02-23 23:00:00,299.0,20230800,302.0,20230500,299.0,20230800
2023-02-24 23:00:00,299.0,20230800,302.0,20230500,299.0,20230800
2023-02-27 23:00:00,299.0,20230800,302.2,20230500,299.0,20230800
2023-02-28 23:00:00,299.0,20230800,302.2,20230500,299.0,20230800
2023-03-01 23:00:00,299.0,20230800,302.2,20230500,299.0,20230800
2023-03-02 23:00:00,299.0,20230800,302.2,20230500,299.0,20230800
2023-03-03 23:00:00,299.0,20230800,302.2,20230500,299.0,20230800
2023-03-06 23:00:00,299.0,20230800,302.2,20230500,299.0,20230800
2023-03-07 23:00:00,299.0,20230800,302.2,20230500,299.0,20230800
2023-03-08 23:00:00,299.0,20230800,302.2,20230500,299.0,20230800
2023-03-09 23:00:00,299.0,20230800,302.2,20230500,299.0,20230800
2023-03-10 23:00:00,299.0,20230800,302.2,20230500,299.0,20230800
2023-03-13 23:00:00,299.0,20230800,302.2,20230500,299.0,20230800
2023-03-14 23:00:00,299.0,20230800,302.2,20230500,299.0,20230800
2023-03-15 23:00:00,299.0,20230800,302.2,20230500,299.0,20230800
2023-03-16 23:00:00,299.0,20230800,302.2,20230500,299.0,20230800
2023-03-17 23:00:00,299.0,20230800,302.2,20230500,299.0,20230800
2023-03-20 23:00:00,299.0,20230800,302.2,20230500,299.0,20230800
2023-03-21 23:00:00,299.0,20230800,302.2,20230500,299.0,20230800
2023-03-22 23:00:00,299.0,20230800,302.2,20230500,299.0,20230800
2023-03-23 23:00:00,299.0,20230800,302.2,20230500,299.0,20230800
2023-03-24 23:00:00,299.0,20230800,302.2,20230500,299.0,20230800
2023-03-27 23:00:00,299.0,20230800,302.2,20230500,299.0,20230800
2023-03-28 23:00:00,299.0,20230800,302.2,20230500,299.0,20230800
2023-03-29 23:00:00,299.0,20230800,302.8,20230500,299.0,20230800
2023-03-30 23:00:00,299.0,20230800,302.8,20230500,299.0,20230800
2023-03-31 23:00:00,299.0,20230800,303.0,20230500,299.0,20230800
2023-04-03 23:00:00,299.0,20230800,303.0,20230500,299.0,20230800
2023-04-04 23:00:00,299.0,20230800,303.0,20230500,299.0,20230800
2023-04-05 23:00:00,299.0,20230800,303.0,20230500,299.0,20230800
2023-04-06 23:00:00,299.0,20230800,303.0,20230500,299.0,20230800
2023-04-10 23:00:00,299.0,20230800,303.0,20230500,299.0,20230800
2023-04-11 23:00:00,299.0,20230800,303.0,20230500,299.0,20230800
2023-04-12 23:00:00,299.0,20230800,303.0,20230500,299.0,20230800
2023-04-13 23:00:00,299.0,20230800,303.0,20230500,299.0,20230800
2023-04-14 23:00:00,299.0,20230800,303.0,20230500,299.0,20230800
2023-04-17 23:00:00,306.0,20230800,308.0,20230500,306.0,20230800
2023-04-18 23:00:00,309.0,20230800,308.0,20230500,309.0,20230800
2023-04-19 23:00:00,309.4,20230800,308.4,20230500,309.4,20230800
2023-04-20 23:00:00,309.4,20230800,308.4,20230500,309.4,20230800
2023-04-21 23:00:00,309.4,20230800,308.4,20230500,309.4,20230800
2023-04-24 23:00:00,311.0,20230800,310.0,20230500,311.0,20230800
2023-04-25 23:00:00,312.0,20230800,311.0,20230500,312.0,20230800
2023-04-26 23:00:00,313.0,20230800,311.0,20230500,313.0,20230800
2023-04-27 23:00:00,318.2,20230800,312.2,20230500,318.2,20230800
2023-04-28 23:00:00,318.8,20230800,312.8,20230500,318.8,20230800
2023-05-01 23:00:00,318.8,20230800,312.8,20230500,318.8,20230800
2023-05-02 23:00:00,318.8,20230800,312.8,20230500,318.8,20230800
2023-05-03 23:00:00,318.8,20230800,312.8,20230500,318.8,20230800
2023-05-04 23:00:00,318.8,20230800,312.8,20230500,318.8,20230800
2023-05-05 23:00:00,318.8,20230800,312.8,20230500,318.8,20230800
2023-05-08 23:00:00,319.0,20230800,312.8,20230500,319.0,20230800
2023-05-09 23:00:00,319.0,20230800,312.8,20230500,319.0,20230800
2023-05-10 23:00:00,319.0,20230800,312.8,20230500,319.0,20230800
2023-05-11 23:00:00,319.0,20230800,312.8,20230500,319.0,20230800
2023-05-12 23:00:00,319.0,20230800,312.8,20230500,319.0,20230800
2023-05-15 23:00:00,319.0,20230800,313.0,20230500,319.0,20230800
2023-05-16 23:00:00,319.0,20230800,313.0,20230500,319.0,20230800
2023-05-17 23:00:00,322.0,20230800,313.4,20230500,322.0,20230800
2023-05-18 23:00:00,322.0,20230800,313.4,20230500,322.0,20230800
2023-05-19 23:00:00,322.0,20230800,313.4,20230500,322.0,20230800
2023-05-22 23:00:00,322.0,20230800,313.4,20230500,322.0,20230800
2023-05-23 23:00:00,322.0,20230800,313.4,20230500,322.0,20230800
2023-05-23 23:00:01,317.0,20231100,322.0,20230800,317.0,20231100
2023-05-24 23:00:00,317.0,20231100,322.0,20230800,317.0,20231100
2023-05-25 23:00:00,317.0,20231100,322.0,20230800,317.0,20231100
2023-05-26 19:00:00,,20231100,323.0,20230800,,20231100
2023-05-26 23:00:00,317.0,20231100,323.0,20230800,317.0,20231100
2023-05-30 23:00:00,318.0,20231100,323.0,20230800,318.0,20231100
2023-05-31 23:00:00,318.0,20231100,323.0,20230800,318.0,20231100
2023-06-01 23:00:00,318.0,20231100,323.0,20230800,318.0,20231100
2023-06-02 23:00:00,319.0,20231100,323.0,20230800,319.0,20231100
2023-06-05 23:00:00,319.0,20231100,323.0,20230800,319.0,20231100
2023-06-06 23:00:00,319.0,20231100,323.0,20230800,319.0,20231100
2023-06-07 23:00:00,319.0,20231100,323.0,20230800,319.0,20231100
2023-06-08 23:00:00,319.0,20231100,323.0,20230800,319.0,20231100
2023-06-09 23:00:00,319.0,20231100,323.0,20230800,319.0,20231100
2023-06-12 23:00:00,320.0,20231100,323.6,20230800,320.0,20231100
2023-06-13 23:00:00,323.0,20231100,324.0,20230800,323.0,20231100
2023-06-14 23:00:00,323.0,20231100,324.2,20230800,323.0,20231100
2023-06-15 23:00:00,323.0,20231100,324.2,20230800,323.0,20231100
2023-06-16 23:00:00,323.0,20231100,324.2,20230800,323.0,20231100
2023-06-20 23:00:00,323.0,20231100,324.2,20230800,323.0,20231100
2023-06-21 23:00:00,323.0,20231100,324.2,20230800,323.0,20231100
2023-06-22 23:00:00,323.0,20231100,324.2,20230800,323.0,20231100
2023-06-23 23:00:00,323.0,20231100,324.2,20230800,323.0,20231100
2023-06-26 23:00:00,323.0,20231100,324.2,20230800,323.0,20231100
2023-06-27 23:00:00,323.0,20231100,324.2,20230800,323.0,20231100
2023-06-28 23:00:00,323.0,20231100,324.2,20230800,323.0,20231100
2023-06-29 23:00:00,323.0,20231100,324.2,20230800,323.0,20231100
2023-06-30 23:00:00,323.0,20231100,324.2,20230800,323.0,20231100
2023-07-05 23:00:00,325.4,20231100,326.4,20230800,325.4,20231100
2023-07-06 23:00:00,325.4,20231100,326.4,20230800,325.4,20231100
2023-07-07 23:00:00,325.4,20231100,326.4,20230800,325.4,20231100
2023-07-10 23:00:00,325.4,20231100,326.4,20230800,325.4,20231100
2023-07-11 23:00:00,325.4,20231100,326.4,20230800,325.4,20231100
2023-07-12 23:00:00,325.4,20231100,326.4,20230800,325.4,20231100
2023-07-13 23:00:00,327.8,20231100,327.0,20230800,327.8,20231100
2023-07-14 23:00:00,327.8,20231100,327.0,20230800,327.8,20231100
2023-07-17 23:00:00,327.8,20231100,327.0,20230800,327.8,20231100
2023-07-18 23:00:00,327.8,20231100,327.0,20230800,327.8,20231100
2023-07-19 23:00:00,327.8,20231100,327.0,20230800,327.8,20231100
2023-07-20 23:00:00,327.8,20231100,327.0,20230800,327.8,20231100
2023-07-21 15:00:00,,20231100,331.0,20230800,,20231100
2023-07-21 17:00:00,,20231100,331.2,20230800,,20231100
2023-07-21 23:00:00,329.8,20231100,331.2,20230800,329.8,20231100
2023-07-24 23:00:00,329.8,20231100,331.2,20230800,329.8,20231100
2023-07-25 14:30:00,,20231100,330.0,20230800,,20231100
2023-07-25 23:00:00,330.0,20231100,330.0,20230800,330.0,20231100
2023-07-26 23:00:00,330.0,20231100,330.0,20230800,330.0,20231100
2023-07-27 23:00:00,330.0,20231100,330.0,20230800,330.0,20231100
2023-07-28 23:00:00,332.0,20231100,330.0,20230800,332.0,20231100
2023-07-31 23:00:00,332.0,20231100,330.0,20230800,332.0,20231100
2023-08-01 23:00:00,332.0,20231100,330.0,20230800,332.0,20231100
2023-08-02 23:00:00,332.0,20231100,330.0,20230800,332.0,20231100
2023-08-03 23:00:00,332.0,20231100,330.0,20230800,332.0,20231100
2023-08-04 23:00:00,332.0,20231100,330.0,20230800,332.0,20231100
2023-08-07 23:00:00,332.0,20231100,330.0,20230800,332.0,20231100
2023-08-08 23:00:00,332.0,20231100,330.0,20230800,332.0,20231100
2023-08-09 23:00:00,332.0,20231100,330.0,20230800,332.0,20231100
2023-08-10 23:00:00,332.0,20231100,330.0,20230800,332.0,20231100
2023-08-11 23:00:00,332.0,20231100,330.0,20230800,332.0,20231100
2023-08-14 23:00:00,332.0,20231100,330.0,20230800,332.0,20231100
2023-08-15 23:00:00,332.0,20231100,330.0,20230800,332.0,20231100
2023-08-16 23:00:00,332.0,20231100,330.0,20230800,332.0,20231100
2023-08-17 23:00:00,332.0,20231100,330.0,20230800,332.0,20231100
2023-08-18 23:00:00,332.0,20231100,330.0,20230800,332.0,20231100
2023-08-21 23:00:00,332.0,20231100,330.0,20230800,332.0,20231100
2023-08-22 23:00:00,332.0,20231100,330.0,20230800,332.0,20231100
2023-08-23 23:00:00,332.0,20231100,330.0,20230800,332.0,20231100
2023-08-24 23:00:00,332.0,20231100,330.0,20230800,332.0,20231100
2023-08-25 23:00:00,332.0,20231100,,20230800,332.0,20231100
2023-08-28 23:00:00,332.0,20231100,,20230800,332.0,20231100
2023-08-29 14:30:00,335.0,20231100,,20230800,335.0,20231100
2023-08-29 23:00:00,335.0,20231100,,20230800,335.0,20231100
2023-08-30 23:00:00,335.0,20231100,,20230800,335.0,20231100
2023-08-31 23:00:00,335.0,20231100,,20230800,335.0,20231100
2023-09-01 23:00:00,335.0,20231100,,20230800,335.0,20231100
2023-09-05 23:00:00,335.0,20231100,,20230800,335.0,20231100
2023-09-05 23:00:01,,20231100,333.0,20230800,335.0,20231100
2023-09-05 23:00:02,324.8,20240200,335.0,20231100,324.8,20240200
2023-09-06 23:00:00,324.8,20240200,335.0,20231100,324.8,20240200
2023-09-07 23:00:00,324.8,20240200,335.0,20231100,324.8,20240200
2023-09-08 23:00:00,324.8,20240200,335.0,20231100,324.8,20240200
2023-09-11 23:00:00,324.8,20240200,335.0,20231100,324.8,20240200
2023-09-12 23:00:00,324.8,20240200,334.8,20231100,324.8,20240200
2023-09-13 23:00:00,324.8,20240200,334.6,20231100,324.8,20240200
2023-09-14 23:00:00,324.8,20240200,334.6,20231100,324.8,20240200
2023-09-15 23:00:00,324.8,20240200,334.6,20231100,324.8,20240200
2023-09-18 16:00:00,326.8,20240200,,20231100,326.8,20240200
2023-09-18 23:00:00,326.8,20240200,334.6,20231100,326.8,20240200
2023-09-19 23:00:00,326.8,20240200,334.6,20231100,326.8,20240200
2023-09-20 23:00:00,326.8,20240200,334.6,20231100,326.8,20240200
2023-09-21 23:00:00,326.8,20240200,334.6,20231100,326.8,20240200
2023-09-22 23:00:00,326.8,20240200,334.6,20231100,326.8,20240200
2023-09-25 23:00:00,326.8,20240200,334.6,20231100,326.8,20240200
2023-09-26 23:00:00,326.8,20240200,334.6,20231100,326.8,20240200
2023-09-27 23:00:00,326.8,20240200,334.6,20231100,326.8,20240200
2023-09-28 23:00:00,326.8,20240200,334.6,20231100,326.8,20240200
2023-09-29 23:00:00,326.8,20240200,334.6,20231100,326.8,20240200
2023-10-02 23:00:00,326.8,20240200,334.6,20231100,326.8,20240200
2023-10-03 23:00:00,326.8,20240200,334.4,20231100,326.8,20240200
2023-10-04 19:00:00,326.0,20240200,,20231100,326.0,20240200
2023-10-04 23:00:00,326.0,20240200,334.4,20231100,326.0,20240200
2023-10-05 20:00:00,325.8,20240200,,20231100,325.8,20240200
2023-10-05 23:00:00,325.8,20240200,334.4,20231100,325.8,20240200
2023-10-06 23:00:00,326.0,20240200,334.2,20231100,326.0,20240200
2023-10-09 23:00:00,326.0,20240200,334.2,20231100,326.0,20240200
2023-10-10 23:00:00,326.0,20240200,334.2,20231100,326.0,20240200
2023-10-11 23:00:00,326.0,20240200,334.2,20231100,326.0,20240200
2023-10-12 23:00:00,326.0,20240200,334.2,20231100,326.0,20240200
2023-10-13 23:00:00,326.0,20240200,334.2,20231100,326.0,20240200
2023-10-16 23:00:00,326.0,20240200,334.2,20231100,326.0,20240200
2023-10-17 23:00:00,326.0,20240200,334.2,20231100,326.0,20240200
2023-10-18 20:00:00,326.2,20240200,332.2,20231100,326.2,20240200
2023-10-18 23:00:00,326.2,20240200,332.2,20231100,326.2,20240200
2023-10-19 23:00:00,326.0,20240200,333.0,20231100,326.0,20240200
2023-10-20 23:00:00,326.0,20240200,333.4,20231100,326.0,20240200
2023-10-23 20:00:00,324.2,20240200,,20231100,324.2,20240200
2023-10-23 23:00:00,324.2,20240200,333.4,20231100,324.2,20240200
2023-10-24 23:00:00,325.4,20240200,333.4,20231100,325.4,20240200
2023-10-25 23:00:00,325.0,20240200,333.4,20231100,325.0,20240200
2023-10-26 23:00:00,324.8,20240200,333.4,20231100,324.8,20240200
2023-10-27 17:00:00,,20240200,334.4,20231100,,20240200
2023-10-27 23:00:00,324.8,20240200,334.4,20231100,324.8,20240200
2023-10-30 19:00:00,324.8,20240200,334.2,20231100,324.8,20240200
2023-10-30 23:00:00,324.8,20240200,334.2,20231100,324.8,20240200
2023-10-31 23:00:00,325.0,20240200,334.2,20231100,325.0,20240200
2023-11-01 23:00:00,325.0,20240200,334.2,20231100,325.0,20240200
2023-11-01 23:00:01,323.0,20240500,325.0,20240200,323.0,20240500
2023-11-02 23:00:00,323.0,20240500,325.0,20240200,323.0,20240500
2023-11-03 23:00:00,323.0,20240500,325.0,20240200,323.0,20240500
2023-11-06 23:00:00,323.0,20240500,325.0,20240200,323.0,20240500
2023-11-07 23:00:00,323.0,20240500,325.0,20240200,323.0,20240500
2023-11-08 23:00:00,323.0,20240500,325.0,20240200,323.0,20240500
2023-11-09 23:00:00,323.0,20240500,325.0,20240200,323.0,20240500
2023-11-10 23:00:00,323.0,20240500,325.0,20240200,323.0,20240500
2023-11-13 23:00:00,323.0,20240500,325.0,20240200,323.0,20240500
2023-11-14 23:00:00,323.0,20240500,325.8,20240200,323.0,20240500
2023-11-15 23:00:00,323.0,20240500,326.0,20240200,323.0,20240500
2023-11-16 23:00:00,323.0,20240500,326.0,20240200,323.0,20240500
2023-11-17 23:00:00,323.4,20240500,327.0,20240200,323.4,20240500
2023-11-20 23:00:00,323.4,20240500,327.0,20240200,323.4,20240500
2023-11-21 23:00:00,323.6,20240500,327.2,20240200,323.6,20240500
2023-11-22 23:00:00,323.6,20240500,327.2,20240200,323.6,20240500
2023-11-24 23:00:00,323.6,20240500,327.2,20240200,323.6,20240500
2023-11-27 23:00:00,323.6,20240500,327.2,20240200,323.6,20240500
2023-11-28 17:00:00,324.8,20240500,328.4,20240200,324.8,20240500
2023-11-28 23:00:00,324.8,20240500,328.4,20240200,324.8,20240500
2023-11-29 23:00:00,324.8,20240500,328.4,20240200,324.8,20240500
2023-11-30 23:00:00,324.8,20240500,328.4,20240200,324.8,20240500
2023-12-01 23:00:00,324.8,20240500,328.6,20240200,324.8,20240500
2023-12-04 23:00:00,324.8,20240500,328.8,20240200,324.8,20240500
2023-12-05 23:00:00,324.8,20240500,328.8,20240200,324.8,20240500
2023-12-06 23:00:00,324.8,20240500,328.8,20240200,324.8,20240500
2023-12-07 23:00:00,325.0,20240500,328.8,20240200,325.0,20240500
2023-12-08 23:00:00,325.0,20240500,328.8,20240200,325.0,20240500
2023-12-11 23:00:00,325.0,20240500,328.8,20240200,325.0,20240500
2023-12-12 23:00:00,325.4,20240500,328.8,20240200,325.4,20240500
2023-12-13 23:00:00,325.4,20240500,328.8,20240200,325.4,20240500
2023-12-14 23:00:00,327.0,20240500,329.0,20240200,327.0,20240500
2023-12-15 23:00:00,327.0,20240500,329.0,20240200,327.0,20240500
2023-12-18 23:00:00,327.4,20240500,329.0,20240200,327.4,20240500
2023-12-19 20:00:00,,20240500,331.8,20240200,,20240500
2023-12-19 23:00:00,328.0,20240500,331.8,20240200,328.0,20240500
2023-12-20 23:00:00,328.0,20240500,329.2,20240200,328.0,20240500
2023-12-21 23:00:00,328.0,20240500,329.2,20240200,328.0,20240500
2023-12-22 14:30:00,,20240500,333.2,20240200,,20240500
2023-12-22 23:00:00,328.0,20240500,333.2,20240200,328.0,20240500
2023-12-26 23:00:00,328.0,20240500,333.2,20240200,328.0,20240500
2023-12-27 23:00:00,328.0,20240500,333.2,20240200,328.0,20240500
2023-12-28 23:00:00,328.0,20240500,333.2,20240200,328.0,20240500
2023-12-29 23:00:00,328.0,20240500,333.2,20240200,328.0,20240500
2024-01-02 23:00:00,331.0,20240500,333.2,20240200,331.0,20240500
2024-01-03 23:00:00,333.0,20240500,333.2,20240200,333.0,20240500
2024-01-04 23:00:00,333.0,20240500,333.2,20240200,333.0,20240500
2024-01-05 23:00:00,333.8,20240500,333.2,20240200,333.8,20240500
2024-01-08 23:00:00,333.8,20240500,333.2,20240200,333.8,20240500
2024-01-09 23:00:00,333.8,20240500,333.2,20240200,333.8,20240500
2024-01-10 23:00:00,334.0,20240500,333.2,20240200,334.0,20240500
2024-01-11 23:00:00,334.0,20240500,333.2,20240200,334.0,20240500
2024-01-12 23:00:00,334.0,20240500,333.2,20240200,334.0,20240500
2024-01-16 23:00:00,334.0,20240500,333.2,20240200,334.0,20240500
2024-01-17 23:00:00,334.0,20240500,333.2,20240200,334.0,20240500
2024-01-18 20:00:00,,20240500,332.6,20240200,,20240500
2024-01-18 23:00:00,334.0,20240500,332.6,20240200,334.0,20240500
2024-01-19 23:00:00,334.0,20240500,333.2,20240200,334.0,20240500
2024-01-22 23:00:00,334.4,20240500,333.2,20240200,334.4,20240500
2024-01-23 23:00:00,334.4,20240500,333.2,20240200,334.4,20240500
2024-01-24 23:00:00,334.4,20240500,333.2,20240200,334.4,20240500
2024-01-25 23:00:00,334.4,20240500,333.2,20240200,334.4,20240500
2024-01-26 19:00:00,,20240500,333.0,20240200,,20240500
2024-01-26 23:00:00,334.4,20240500,333.0,20240200,334.4,20240500
2024-01-29 23:00:00,334.4,20240500,333.0,20240200,334.4,20240500
2024-01-30 23:00:00,334.4,20240500,333.0,20240200,334.4,20240500
2024-01-31 23:00:00,334.4,20240500,333.0,20240200,334.4,20240500
2024-02-01 23:00:00,334.4,20240500,333.0,20240200,334.4,20240500
2024-02-02 23:00:00,334.4,20240500,333.0,20240200,334.4,20240500
2024-02-05 23:00:00,334.4,20240500,333.0,20240200,334.4,20240500
2024-02-06 23:00:00,334.4,20240500,333.0,20240200,334.4,20240500
2024-02-07 23:00:00,334.4,20240500,333.0,20240200,334.4,20240500
2024-02-08 23:00:00,334.4,20240500,333.0,20240200,334.4,20240500
2024-02-09 23:00:00,334.4,20240500,333.0,20240200,334.4,20240500
2024-02-12 23:00:00,334.4,20240500,333.0,20240200,334.4,20240500
2024-02-13 23:00:00,334.4,20240500,333.0,20240200,334.4,20240500
2024-02-14 23:00:00,334.4,20240500,333.0,20240200,334.4,20240500
2024-02-15 23:00:00,334.4,20240500,333.0,20240200,334.4,20240500
2024-02-16 23:00:00,334.4,20240500,333.0,20240200,334.4,20240500
2024-02-20 23:00:00,334.4,20240500,333.0,20240200,334.4,20240500
2024-02-21 23:00:00,334.4,20240500,333.0,20240200,334.4,20240500
2024-02-22 23:00:00,334.4,20240500,333.0,20240200,334.4,20240500
2024-02-22 23:00:01,340.0,20240800,334.4,20240500,340.0,20240800
2024-02-23 23:00:00,340.0,20240800,334.4,20240500,340.0,20240800
2024-02-26 15:00:00,337.2,20240800,334.0,20240500,337.2,20240800
2024-02-26 19:00:00,,20240800,336.0,20240500,,20240800
2024-02-26 23:00:00,337.2,20240800,336.0,20240500,337.2,20240800
2024-02-27 14:30:00,,20240800,337.8,20240500,,20240800
2024-02-27 16:00:00,,20240800,335.2,20240500,,20240800
2024-02-27 23:00:00,339.0,20240800,335.2,20240500,339.0,20240800
2024-02-28 23:00:00,340.0,20240800,335.2,20240500,340.0,20240800
2024-02-29 23:00:00,340.0,20240800,335.2,20240500,340.0,20240800
2024-03-01 23:00:00,340.0,20240800,335.2,20240500,340.0,20240800
2024-03-04 23:00:00,340.0,20240800,335.2,20240500,340.0,20240800
2024-03-05 23:00:00,340.0,20240800,335.4,20240500,340.0,20240800
2024-03-06 23:00:00,340.0,20240800,335.6,20240500,340.0,20240800
2024-03-07 23:00:00,340.0,20240800,335.6,20240500,340.0,20240800
2024-03-08 23:00:00,340.0,20240800,335.6,20240500,340.0,20240800
2024-03-11 23:00:00,340.0,20240800,335.6,20240500,340.0,20240800
2024-03-12 23:00:00,340.0,20240800,335.6,20240500,340.0,20240800
2024-03-13 23:00:00,340.0,20240800,335.6,20240500,340.0,20240800
2024-03-14 23:00:00,340.0,20240800,335.6,20240500,340.0,20240800
2024-03-15 23:00:00,340.0,20240800,335.8,20240500,340.0,20240800
2024-03-18 23:00:00,340.0,20240800,336.0,20240500,340.0,20240800
2024-03-19 23:00:00,340.0,20240800,336.0,20240500,340.0,20240800
2024-03-20 23:00:00,340.0,20240800,336.0,20240500,340.0,20240800
2024-03-21 23:00:00,340.0,20240800,336.0,20240500,340.0,20240800
2024-03-22 23:00:00,340.0,20240800,336.0,20240500,340.0,20240800
2024-03-25 23:00:00,340.0,20240800,336.0,20240500,340.0,20240800
2024-03-26 23:00:00,341.0,20240800,336.2,20240500,341.0,20240800
2024-03-27 23:00:00,341.0,20240800,336.2,20240500,341.0,20240800
2024-03-28 23:00:00,341.0,20240800,336.2,20240500,341.0,20240800
2024-04-01 05:00:00,301.0,20240800,298.0,20240500,301.0,20240800
2024-04-02 05:00:00,301.0,20240800,298.0,20240500,301.0,20240800
2024-04-03 05:00:00,301.0,20240800,298.0,20240500,301.0,20240800
2024-04-04 05:00:00,301.0,20240800,298.0,20240500,301.0,20240800
2024-04-05 05:00:00,301.0,20240800,298.0,20240500,301.0,20240800
2024-04-08 05:00:00,301.0,20240800,298.0,20240500,301.0,20240800
2024-04-09 05:00:00,301.0,20240800,298.0,20240500,301.0,20240800
2024-04-10 05:00:00,301.0,20240800,298.0,20240500,301.0,20240800
2024-04-11 05:00:00,301.0,20240800,298.0,20240500,301.0,20240800
2024-04-12 05:00:00,301.0,20240800,298.0,20240500,301.0,20240800
2024-04-15 05:00:00,301.0,20240800,298.0,20240500,301.0,20240800
2024-04-16 05:00:00,301.0,20240800,298.0,20240500,301.0,20240800
2024-04-17 05:00:00,301.0,20240800,298.0,20240500,301.0,20240800
2024-04-18 05:00:00,301.0,20240800,298.0,20240500,301.0,20240800
2024-04-19 05:00:00,301.0,20240800,298.0,20240500,301.0,20240800
2024-04-22 05:00:00,301.0,20240800,298.0,20240500,301.0,20240800
2024-04-23 05:00:00,301.0,20240800,298.0,20240500,301.0,20240800
2024-04-24 05:00:00,301.0,20240800,298.0,20240500,301.0,20240800
2024-04-25 05:00:00,301.0,20240800,298.0,20240500,301.0,20240800
2024-04-26 05:00:00,301.0,20240800,298.0,20240500,301.0,20240800
2024-04-29 05:00:00,301.0,20240800,298.0,20240500,301.0,20240800
2024-04-30 05:00:00,301.2,20240800,298.0,20240500,301.2,20240800
2024-05-01 05:00:00,301.2,20240800,298.0,20240500,301.2,20240800
2024-05-02 05:00:00,301.2,20240800,298.0,20240500,301.2,20240800
2024-05-03 05:00:00,301.2,20240800,298.0,20240500,301.2,20240800
2024-05-06 05:00:00,301.2,20240800,299.0,20240500,301.2,20240800
2024-05-07 05:00:00,301.2,20240800,299.0,20240500,301.2,20240800
2024-05-08 05:00:00,301.2,20240800,299.0,20240500,301.2,20240800
2024-05-09 05:00:00,301.2,20240800,299.0,20240500,301.2,20240800
2024-05-10 05:00:00,301.2,20240800,299.0,20240500,301.2,20240800
2024-05-13 05:00:00,305.0,20241100,301.2,20240800,305.0,20241100
2024-05-14 05:00:00,305.0,20241100,303.0,20240800,305.0,20241100
2024-05-15 05:00:00,305.0,20241100,303.0,20240800,305.0,20241100
2024-05-16 05:00:00,305.0,20241100,303.0,20240800,305.0,20241100
2024-05-17 05:00:00,305.0,20241100,303.0,20240800,305.0,20241100
2024-05-20 05:00:00,308.0,20241100,305.0,20240800,308.0,20241100
2024-05-21 05:00:00,308.0,20241100,305.0,20240800,308.0,20241100
2024-05-22 05:00:00,308.0,20241100,305.0,20240800,308.0,20241100
2024-05-23 05:00:00,308.0,20241100,305.0,20240800,308.0,20241100
2024-05-24 05:00:00,308.0,20241100,305.0,20240800,308.0,20241100
2024-05-28 05:00:00,311.0,20241100,310.8,20240800,311.0,20241100
2024-05-29 05:00:00,311.0,20241100,310.8,20240800,311.0,20241100
2024-05-30 05:00:00,311.0,20241100,310.8,20240800,311.0,20241100
2024-05-31 05:00:00,311.0,20241100,311.0,20240800,311.0,20241100
2024-06-03 05:00:00,311.0,20241100,311.8,20240800,311.0,20241100
2024-06-04 05:00:00,311.0,20241100,311.8,20240800,311.0,20241100
2024-06-05 05:00:00,311.0,20241100,312.0,20240800,311.0,20241100
2024-06-06 05:00:00,311.0,20241100,312.0,20240800,311.0,20241100
2024-06-07 05:00:00,311.0,20241100,312.0,20240800,311.0,20241100
2024-06-10 05:00:00,311.0,20241100,312.0,20240800,311.0,20241100
2024-06-11 05:00:00,311.0,20241100,312.0,20240800,311.0,20241100
2024-06-12 05:00:00,311.0,20241100,312.0,20240800,311.0,20241100
2024-06-13 05:00:00,311.0,20241100,312.0,20240800,311.0,20241100
2024-06-14 05:00:00,313.0,20241100,312.0,20240800,313.0,20241100
2024-06-17 05:00:00,313.0,20241100,312.0,20240800,313.0,20241100
2024-06-18 05:00:00,313.0,20241100,312.0,20240800,313.0,20241100
2024-06-20 05:00:00,313.0,20241100,312.0,20240800,313.0,20241100
2024-06-21 05:00:00,313.0,20241100,312.0,20240800,313.0,20241100
2024-06-24 05:00:00,313.0,20241100,312.0,20240800,313.0,20241100
2024-06-25 05:00:00,313.0,20241100,312.0,20240800,313.0,20241100
2024-06-26 05:00:00,313.0,20241100,312.0,20240800,313.0,20241100
2024-06-27 05:00:00,313.0,20241100,312.0,20240800,313.0,20241100
2024-06-28 05:00:00,313.0,20241100,312.0,20240800,313.0,20241100
2024-07-01 05:00:00,313.0,20241100,312.0,20240800,313.0,20241100
2024-07-01 20:00:00,,20241100,354.0,20240800,,20241100
2024-07-02 05:00:00,313.0,20241100,312.0,20240800,313.0,20241100
2024-07-03 05:00:00,313.0,20241100,312.0,20240800,313.0,20241100
2024-07-05 05:00:00,313.0,20241100,312.0,20240800,313.0,20241100
2024-07-08 05:00:00,313.0,20241100,312.0,20240800,313.0,20241100
2024-07-09 05:00:00,313.0,20241100,312.0,20240800,313.0,20241100
2024-07-10 05:00:00,313.0,20241100,312.0,20240800,313.0,20241100
2024-07-11 05:00:00,313.0,20241100,312.0,20240800,313.0,20241100
2024-07-12 05:00:00,313.0,20241100,312.0,20240800,313.0,20241100
2024-07-15 05:00:00,313.0,20241100,312.0,20240800,313.0,20241100
2024-07-16 05:00:00,313.0,20241100,312.0,20240800,313.0,20241100
2024-07-17 05:00:00,313.0,20241100,312.0,20240800,313.0,20241100
2024-07-18 05:00:00,313.0,20241100,312.0,20240800,313.0,20241100
2024-07-19 05:00:00,313.0,20241100,312.0,20240800,313.0,20241100
2024-07-22 05:00:00,313.0,20241100,312.0,20240800,313.0,20241100
2024-07-23 05:00:00,313.0,20241100,312.0,20240800,313.0,20241100
2024-07-24 05:00:00,313.0,20241100,312.0,20240800,313.0,20241100
2024-07-25 05:00:00,313.0,20241100,312.0,20240800,313.0,20241100
2024-07-26 05:00:00,313.0,20241100,312.0,20240800,313.0,20241100
2024-07-29 05:00:00,313.0,20241100,312.0,20240800,313.0,20241100
2024-07-30 05:00:00,313.0,20241100,312.0,20240800,313.0,20241100
2024-07-31 05:00:00,313.0,20241100,312.0,20240800,313.0,20241100
2024-08-01 05:00:00,313.0,20241100,312.0,20240800,313.0,20241100
2024-08-02 05:00:00,313.0,20241100,312.0,20240800,313.0,20241100
2024-08-05 05:00:00,313.0,20241100,312.0,20240800,313.0,20241100
2024-08-06 05:00:00,313.0,20241100,312.0,20240800,313.0,20241100
2024-08-07 05:00:00,313.0,20241100,312.0,20240800,313.0,20241100
2024-08-08 05:00:00,313.0,20241100,312.0,20240800,313.0,20241100
2024-08-09 05:00:00,313.0,20241100,312.0,20240800,313.0,20241100
2024-08-12 05:00:00,313.0,20241100,312.0,20240800,313.0,20241100
2024-08-13 05:00:00,313.0,20250200,313.0,20241100,313.0,20250200
2024-08-14 05:00:00,313.0,20250200,313.0,20241100,313.0,20250200
2024-08-15 05:00:00,313.0,20250200,313.0,20241100,313.0,20250200
2024-08-16 05:00:00,313.0,20250200,313.0,20241100,313.0,20250200
2024-08-19 05:00:00,313.0,20250200,313.0,20241100,313.0,20250200
2024-08-19 23:00:00,349.4,20250200,,20241100,349.4,20250200
2024-08-20 05:00:00,,20250200,313.0,20241100,,20250200
2024-08-20 23:00:00,349.4,20250200,355.0,20241100,349.4,20250200
2024-08-21 23:00:00,349.4,20250200,355.0,20241100,349.4,20250200
2024-08-22 23:00:00,349.4,20250200,355.0,20241100,349.4,20250200
2024-08-23 23:00:00,351.6,20250200,354.8,20241100,351.6,20250200
2024-08-26 23:00:00,349.4,20250200,354.8,20241100,349.4,20250200
2024-08-27 23:00:00,349.4,20250200,354.8,20241100,349.4,20250200
2024-08-28 23:00:00,349.8,20250200,354.8,20241100,349.8,20250200
2024-08-29 23:00:00,349.8,20250200,354.8,20241100,349.8,20250200
2024-08-30 23:00:00,349.8,20250200,354.6,20241100,349.8,20250200
2024-09-03 23:00:00,349.8,20250200,354.6,20241100,349.8,20250200
2024-09-04 23:00:00,349.8,20250200,354.6,20241100,349.8,20250200
2024-09-05 23:00:00,349.8,20250200,354.6,20241100,349.8,20250200
2024-09-06 23:00:00,349.2,20250200,354.6,20241100,349.2,20250200
2024-09-09 23:00:00,349.2,20250200,354.6,20241100,349.2,20250200
2024-09-10 23:00:00,349.2,20250200,354.6,20241100,349.2,20250200
2024-09-11 23:00:00,349.2,20250200,354.6,20241100,349.2,20250200
2024-09-12 23:00:00,349.2,20250200,354.6,20241100,349.2,20250200
2024-09-13 23:00:00,349.4,20250200,354.6,20241100,349.4,20250200
2024-09-16 23:00:00,349.4,20250200,354.6,20241100,349.4,20250200
2024-09-17 23:00:00,349.4,20250200,354.6,20241100,349.4,20250200
2024-09-18 23:00:00,351.0,20250200,354.6,20241100,351.0,20250200
2024-09-19 23:00:00,351.0,20250200,355.0,20241100,351.0,20250200
2024-09-20 23:00:00,351.0,20250200,353.2,20241100,351.0,20250200
2024-09-23 23:00:00,351.0,20250200,353.2,20241100,351.0,20250200
2024-09-24 23:00:00,351.0,20250200,353.4,20241100,351.0,20250200
2024-09-25 23:00:00,351.0,20250200,353.4,20241100,351.0,20250200
2024-09-26 23:00:00,351.0,20250200,353.4,20241100,351.0,20250200
2024-09-27 23:00:00,351.0,20250200,353.4,20241100,351.0,20250200
2024-09-30 23:00:00,351.0,20250200,353.4,20241100,351.0,20250200
2024-10-01 23:00:00,351.0,20250200,353.4,20241100,351.0,20250200
2024-10-02 23:00:00,351.0,20250200,353.4,20241100,351.0,20250200
2024-10-03 23:00:00,351.0,20250200,353.4,20241100,351.0,20250200
2024-10-04 23:00:00,351.0,20250200,353.6,20241100,351.0,20250200
2024-10-07 23:00:00,351.0,20250200,353.6,20241100,351.0,20250200
2024-10-08 23:00:00,351.0,20250200,353.6,20241100,351.0,20250200
2024-10-09 23:00:00,351.0,20250200,353.6,20241100,351.0,20250200
2024-10-10 23:00:00,351.0,20250200,353.6,20241100,351.0,20250200
2024-10-11 23:00:00,351.0,20250200,353.6,20241100,351.0,20250200
2024-10-14 23:00:00,351.0,20250200,353.6,20241100,351.0,20250200
2024-10-15 23:00:00,351.0,20250200,353.6,20241100,351.0,20250200
2024-10-16 23:00:00,351.0,20250200,353.6,20241100,351.0,20250200
2024-10-17 23:00:00,351.0,20250200,353.6,20241100,351.0,20250200
2024-10-18 23:00:00,351.0,20250200,353.6,20241100,351.0,20250200
2024-10-21 23:00:00,351.0,20250200,353.6,20241100,351.0,20250200
2024-10-22 23:00:00,351.0,20250200,353.6,20241100,351.0,20250200
2024-10-23 23:00:00,351.0,20250200,353.6,20241100,351.0,20250200
2024-10-24 23:00:00,351.0,20250200,353.6,20241100,351.0,20250200
2024-10-25 23:00:00,351.2,20250200,353.6,20241100,351.2,20250200
2024-10-28 23:00:00,351.2,20250200,353.6,20241100,351.2,20250200
2024-10-29 23:00:00,350.0,20250200,351.6,20241100,350.0,20250200
2024-10-30 23:00:00,349.8,20250200,351.2,20241100,349.8,20250200
2024-10-31 23:00:00,349.8,20250200,351.2,20241100,349.8,20250200
2024-11-01 23:00:00,349.8,20250200,351.2,20241100,349.8,20250200
2024-11-04 23:00:00,349.8,20250200,351.2,20241100,349.8,20250200
2024-11-05 23:00:00,349.8,20250200,351.2,20241100,349.8,20250200
2024-11-06 23:00:00,350.0,20250200,351.4,20241100,350.0,20250200
2024-11-07 23:00:00,350.0,20250200,351.4,20241100,350.0,20250200
2024-11-08 23:00:00,350.0,20250200,351.4,20241100,350.0,20250200
2024-11-11 23:00:00,350.0,20250200,351.4,20241100,350.0,20250200
2024-11-12 23:00:00,354.8,20250500,350.0,20250200,354.8,20250500
2024-11-13 23:00:00,354.8,20250500,350.0,20250200,354.8,20250500
2024-11-14 23:00:00,354.8,20250500,350.0,20250200,354.8,20250500
2024-11-15 23:00:00,354.8,20250500,350.0,20250200,354.8,20250500
2024-11-18 23:00:00,354.8,20250500,350.0,20250200,354.8,20250500
2024-11-19 23:00:00,354.8,20250500,350.0,20250200,354.8,20250500
2024-11-20 23:00:00,354.8,20250500,350.0,20250200,354.8,20250500
2024-11-21 23:00:00,354.8,20250500,350.6,20250200,354.8,20250500
2024-11-22 23:00:00,354.8,20250500,350.6,20250200,354.8,20250500
2024-11-25 23:00:00,354.8,20250500,350.6,20250200,354.8,20250500
2024-11-26 23:00:00,354.8,20250500,350.6,20250200,354.8,20250500
2024-11-27 23:00:00,354.8,20250500,350.6,20250200,354.8,20250500
2024-11-29 23:00:00,354.8,20250500,350.6,20250200,354.8,20250500
2024-12-02 23:00:00,354.8,20250500,350.6,20250200,354.8,20250500
2024-12-03 23:00:00,354.8,20250500,350.6,20250200,354.8,20250500
2024-12-04 23:00:00,354.8,20250500,350.6,20250200,354.8,20250500
2024-12-05 23:00:00,354.8,20250500,350.6,20250200,354.8,20250500
2024-12-06 23:00:00,354.8,20250500,350.6,20250200,354.8,20250500
2024-12-09 23:00:00,354.8,20250500,350.6,20250200,354.8,20250500
2024-12-10 23:00:00,354.8,20250500,350.6,20250200,354.8,20250500
2024-12-11 23:00:00,354.8,20250500,350.6,20250200,354.8,20250500
2024-12-12 23:00:00,354.8,20250500,350.6,20250200,354.8,20250500
2024-12-13 23:00:00,354.8,20250500,350.6,20250200,354.8,20250500
2024-12-16 23:00:00,354.8,20250500,350.6,20250200,354.8,20250500
2024-12-17 23:00:00,354.8,20250500,350.6,20250200,354.8,20250500
2024-12-18 23:00:00,354.8,20250500,350.6,20250200,354.8,20250500
2024-12-19 23:00:00,354.8,20250500,350.6,20250200,354.8,20250500
2024-12-20 23:00:00,354.8,20250500,350.6,20250200,354.8,20250500
2024-12-23 23:00:00,354.8,20250500,350.6,20250200,354.8,20250500
2024-12-24 23:00:00,354.8,20250500,350.6,20250200,354.8,20250500
2024-12-26 23:00:00,354.8,20250500,350.6,20250200,354.8,20250500
2024-12-27 23:00:00,354.8,20250500,350.6,20250200,354.8,20250500
2024-12-30 18:00:00,,20250500,349.8,20250200,,20250500
2024-12-30 19:00:00,,20250500,349.8,20250200,,20250500
2024-12-30 20:00:00,,20250500,349.8,20250200,,20250500
2024-12-30 23:00:00,354.8,20250500,349.8,20250200,354.8,20250500
2024-12-31 23:00:00,354.8,20250500,349.8,20250200,354.8,20250500
2025-01-02 23:00:00,354.8,20250500,349.8,20250200,354.8,20250500
2025-01-03 23:00:00,354.8,20250500,349.8,20250200,354.8,20250500
2025-01-06 23:00:00,354.8,20250500,350.4,20250200,354.8,20250500
2025-01-07 23:00:00,354.8,20250500,350.4,20250200,354.8,20250500
2025-01-08 23:00:00,354.8,20250500,350.4,20250200,354.8,20250500
2025-01-10 23:00:00,354.8,20250500,350.4,20250200,354.8,20250500
2025-01-13 23:00:00,354.8,20250500,350.4,20250200,354.8,20250500
2025-01-14 23:00:00,355.0,20250500,350.6,20250200,355.0,20250500
2025-01-15 14:30:00,,20250500,352.6,20250200,,20250500
2025-01-15 15:00:00,,20250500,352.6,20250200,,20250500
2025-01-15 16:00:00,,20250500,352.6,20250200,,20250500
2025-01-15 17:00:00,,20250500,352.6,20250200,,20250500
2025-01-15 18:00:00,,20250500,352.6,20250200,,20250500
2025-01-15 19:00:00,,20250500,352.6,20250200,,20250500
2025-01-15 20:00:00,,20250500,352.6,20250200,,20250500
2025-01-15 23:00:00,355.4,20250500,352.6,20250200,355.4,20250500
2025-01-16 23:00:00,355.4,20250500,352.6,20250200,355.4,20250500
2025-01-17 23:00:00,355.4,20250500,352.6,20250200,355.4,20250500
2025-01-21 23:00:00,355.4,20250500,352.6,20250200,355.4,20250500
2025-01-22 23:00:00,356.6,20250500,352.6,20250200,356.6,20250500
2025-01-23 16:00:00,,20250500,351.0,20250200,,20250500
2025-01-23 17:00:00,,20250500,351.0,20250200,,20250500
2025-01-23 18:00:00,,20250500,351.0,20250200,,20250500
2025-01-23 19:00:00,,20250500,351.0,20250200,,20250500
2025-01-23 20:00:00,,20250500,351.0,20250200,,20250500
2025-01-23 23:00:00,356.6,20250500,351.0,20250200,356.6,20250500
2025-01-24 23:00:00,356.6,20250500,351.0,20250200,356.6,20250500
2025-01-27 23:00:00,356.6,20250500,351.0,20250200,356.6,20250500
2025-01-28 23:00:00,356.6,20250500,351.0,20250200,356.6,20250500
2025-01-29 23:00:00,357.6,20250500,351.0,20250200,357.6,20250500
2025-01-30 23:00:00,358.0,20250500,351.0,20250200,358.0,20250500
2025-01-31 23:00:00,358.0,20250500,351.0,20250200,358.0,20250500
2025-02-03 23:00:00,358.0,20250500,351.0,20250200,358.0,20250500
2025-02-04 23:00:00,358.0,20250500,351.0,20250200,358.0,20250500
2025-02-05 23:00:00,358.0,20250500,351.0,20250200,358.0,20250500
2025-02-06 23:00:00,358.0,20250500,351.0,20250200,358.0,20250500
2025-02-07 23:00:00,358.0,20250500,351.0,20250200,358.0,20250500
2025-02-10 23:00:00,358.0,20250500,351.0,20250200,358.0,20250500
2025-02-11 23:00:00,358.0,20250500,351.0,20250200,358.0,20250500
2025-02-12 23:00:00,361.0,20250800,358.0,20250500,361.0,20250800
2025-02-13 23:00:00,361.0,20250800,358.0,20250500,361.0,20250800
2025-02-14 23:00:00,361.0,20250800,358.0,20250500,361.0,20250800
2025-02-18 23:00:00,361.0,20250800,358.0,20250500,361.0,20250800
2025-02-19 23:00:00,361.0,20250800,358.0,20250500,361.0,20250800
2025-02-20 23:00:00,361.0,20250800,358.0,20250500,361.0,20250800
2025-02-21 20:00:00,,20250800,358.2,20250500,,20250800
2025-02-21 23:00:00,361.0,20250800,358.0,20250500,361.0,20250800
2025-02-24 23:00:00,361.0,20250800,358.0,20250500,361.0,20250800
2025-02-25 23:00:00,361.0,20250800,358.0,20250500,361.0,20250800
2025-02-26 23:00:00,364.0,20250800,358.0,20250500,364.0,20250800
2025-02-27 16:00:00,365.0,20250800,358.0,20250500,365.0,20250800
2025-02-27 17:00:00,365.0,20250800,358.0,20250500,365.0,20250800
2025-02-27 18:00:00,365.0,20250800,358.0,20250500,365.0,20250800
2025-02-27 19:00:00,365.0,20250800,358.0,20250500,365.0,20250800
2025-02-27 20:00:00,364.0,20250800,358.0,20250500,364.0,20250800
2025-02-27 23:00:00,364.0,20250800,358.0,20250500,364.0,20250800
2025-02-28 17:00:00,363.0,20250800,,20250500,363.0,20250800
2025-02-28 18:00:00,363.0,20250800,,20250500,363.0,20250800
2025-02-28 19:00:00,363.0,20250800,,20250500,363.0,20250800
2025-02-28 20:00:00,363.0,20250800,,20250500,363.0,20250800
2025-02-28 23:00:00,363.0,20250800,358.0,20250500,363.0,20250800
2025-03-03 23:00:00,363.0,20250800,358.0,20250500,363.0,20250800
2025-03-04 23:00:00,363.0,20250800,358.0,20250500,363.0,20250800
2025-03-05 23:00:00,363.0,20250800,358.0,20250500,363.0,20250800
2025-03-06 16:00:00,360.0,20250800,356.0,20250500,360.0,20250800
2025-03-06 17:00:00,360.0,20250800,356.0,20250500,360.0,20250800
2025-03-06 18:00:00,360.0,20250800,356.0,20250500,360.0,20250800
2025-03-06 19:00:00,360.0,20250800,356.0,20250500,360.0,20250800
2025-03-06 20:00:00,360.0,20250800,356.0,20250500,360.0,20250800
2025-03-06 23:00:00,360.0,20250800,356.0,20250500,360.0,20250800
2025-03-07 17:00:00,,20250800,357.8,20250500,,20250800
2025-03-07 18:00:00,,20250800,357.8,20250500,,20250800
2025-03-07 19:00:00,,20250800,357.8,20250500,,20250800
2025-03-07 20:00:00,,20250800,357.8,20250500,,20250800
2025-03-07 23:00:00,360.0,20250800,357.8,20250500,360.0,20250800
2025-03-10 23:00:00,360.0,20250800,357.8,20250500,360.0,20250800
2025-03-11 23:00:00,360.0,20250800,357.8,20250500,360.0,20250800
2025-03-12 23:00:00,360.0,20250800,357.8,20250500,360.0,20250800
2025-03-13 23:00:00,360.0,20250800,357.8,20250500,360.0,20250800
2025-03-14 23:00:00,360.0,20250800,357.8,20250500,360.0,20250800
2025-03-17 23:00:00,360.0,20250800,357.8,20250500,360.0,20250800
2025-03-18 23:00:00,360.0,20250800,357.8,20250500,360.0,20250800
2025-03-19 23:00:00,360.0,20250800,357.8,20250500,360.0,20250800
2025-03-20 23:00:00,360.0,20250800,357.8,20250500,360.0,20250800
2025-03-21 23:00:00,360.2,20250800,357.8,20250500,360.2,20250800
2025-03-24 23:00:00,360.2,20250800,357.8,20250500,360.2,20250800
2025-03-25 23:00:00,360.2,20250800,357.8,20250500,360.2,20250800
2025-03-26 23:00:00,360.2,20250800,357.8,20250500,360.2,20250800
2025-03-27 23:00:00,360.2,20250800,357.8,20250500,360.2,20250800
2025-03-28 23:00:00,360.2,20250800,357.8,20250500,360.2,20250800
2025-03-31 23:00:00,360.2,20250800,357.8,20250500,360.2,20250800
2025-04-01 23:00:00,360.2,20250800,357.8,20250500,360.2,20250800
2025-04-02 23:00:00,360.2,20250800,357.8,20250500,360.2,20250800
2025-04-03 23:00:00,360.2,20250800,357.8,20250500,360.2,20250800
2025-04-04 23:00:00,360.2,20250800,357.8,20250500,360.2,20250800
2025-04-07 23:00:00,360.2,20250800,357.8,20250500,360.2,20250800
2025-04-08 23:00:00,360.2,20250800,357.8,20250500,360.2,20250800
2025-04-09 23:00:00,360.2,20250800,357.8,20250500,360.2,20250800
2025-04-10 23:00:00,360.2,20250800,357.8,20250500,360.2,20250800
2025-04-11 20:00:00,361.0,20250800,,20250500,361.0,20250800
2025-04-11 23:00:00,361.0,20250800,357.0,20250500,361.0,20250800
2025-04-14 23:00:00,360.4,20250800,357.0,20250500,360.4,20250800
2025-04-15 23:00:00,361.2,20250800,357.0,20250500,361.2,20250800
2025-04-16 23:00:00,361.2,20250800,357.0,20250500,361.2,20250800
2025-04-17 23:00:00,361.2,20250800,357.0,20250500,361.2,20250800
2025-04-21 23:00:00,361.2,20250800,357.0,20250500,361.2,20250800
2025-04-22 23:00:00,361.2,20250800,357.0,20250500,361.2,20250800
2025-04-23 23:00:00,361.2,20250800,357.0,20250500,361.2,20250800
2025-04-24 23:00:00,361.2,20250800,357.0,20250500,361.2,20250800
2025-04-25 23:00:00,361.2,20250800,357.0,20250500,361.2,20250800
2025-04-28 23:00:00,361.2,20250800,357.0,20250500,361.2,20250800
2025-04-29 23:00:00,361.8,20250800,357.0,20250500,361.8,20250800
2025-04-30 23:00:00,361.8,20250800,357.0,20250500,361.8,20250800
2025-05-01 23:00:00,361.8,20250800,357.0,20250500,361.8,20250800
2025-05-02 23:00:00,361.8,20250800,357.0,20250500,361.8,20250800
2025-05-05 23:00:00,361.8,20250800,357.0,20250500,361.8,20250800
2025-05-06 23:00:00,361.8,20250800,357.0,20250500,361.8,20250800
2025-05-07 23:00:00,361.8,20250800,357.0,20250500,361.8,20250800
2025-05-08 23:00:00,362.4,20250800,357.2,20250500,362.4,20250800
2025-05-09 23:00:00,362.4,20250800,357.2,20250500,362.4,20250800
2025-05-12 23:00:00,362.4,20250800,357.2,20250500,362.4,20250800
2025-05-13 23:00:00,361.0,20251100,362.8,20250800,361.0,20251100
2025-05-14 23:00:00,361.0,20251100,362.8,20250800,361.0,20251100
2025-05-15 23:00:00,361.0,20251100,362.8,20250800,361.0,20251100
2025-05-16 23:00:00,361.0,20251100,362.8,20250800,361.0,20251100
2025-05-19 23:00:00,361.0,20251100,362.8,20250800,361.0,20251100
2025-05-20 23:00:00,361.0,20251100,362.8,20250800,361.0,20251100
2025-05-21 23:00:00,361.0,20251100,362.8,20250800,361.0,20251100
2025-05-22 18:00:00,,20251100,362.8,20250800,,20251100
2025-05-22 19:00:00,,20251100,362.8,20250800,,20251100
2025-05-22 23:00:00,361.0,20251100,362.8,20250800,361.0,20251100
2025-05-23 23:00:00,361.0,20251100,362.8,20250800,361.0,20251100
2025-05-27 23:00:00,361.4,20251100,364.8,20250800,361.4,20251100
2025-05-28 23:00:00,361.4,20251100,364.8,20250800,361.4,20251100
2025-05-29 17:00:00,,20251100,364.8,20250800,,20251100
2025-05-29 18:00:00,,20251100,364.8,20250800,,20251100
2025-05-29 19:00:00,,20251100,364.8,20250800,,20251100
2025-05-29 23:00:00,361.4,20251100,364.8,20250800,361.4,20251100
2025-05-30 23:00:00,361.4,20251100,364.8,20250800,361.4,20251100
2025-06-02 23:00:00,361.4,20251100,364.8,20250800,361.4,20251100
2025-06-03 23:00:00,361.4,20251100,364.8,20250800,361.4,20251100
2025-06-04 23:00:00,361.4,20251100,364.8,20250800,361.4,20251100
2025-06-05 23:00:00,361.4,20251100,364.8,20250800,361.4,20251100
2025-06-06 23:00:00,361.4,20251100,364.8,20250800,361.4,20251100
2025-06-09 23:00:00,362.0,20251100,364.8,20250800,362.0,20251100
2025-06-10 23:00:00,362.0,20251100,365.2,20250800,362.0,20251100
2025-06-11 17:00:00,,20251100,365.2,20250800,,20251100
2025-06-11 18:00:00,,20251100,365.2,20250800,,20251100
2025-06-11 19:00:00,,20251100,365.2,20250800,,20251100
2025-06-11 23:00:00,362.0,20251100,365.2,20250800,362.0,20251100
2025-06-12 23:00:00,362.0,20251100,365.2,20250800,362.0,20251100
2025-06-13 23:00:00,362.0,20251100,365.2,20250800,362.0,20251100
2025-06-16 23:00:00,363.0,20251100,365.2,20250800,363.0,20251100
2025-06-17 23:00:00,363.0,20251100,365.2,20250800,363.0,20251100
2025-06-18 23:00:00,363.0,20251100,365.2,20250800,363.0,20251100
2025-06-20 19:00:00,,20251100,365.2,20250800,,20251100
2025-06-20 23:00:00,363.0,20251100,365.2,20250800,363.0,20251100
2025-06-23 23:00:00,363.0,20251100,365.2,20250800,363.0,20251100
2025-06-24 23:00:00,363.0,20251100,365.2,20250800,363.0,20251100
2025-06-25 23:00:00,363.0,20251100,365.2,20250800,363.0,20251100
2025-06-26 23:00:00,363.0,20251100,365.2,20250800,363.0,20251100
2025-06-27 23:00:00,363.0,20251100,365.2,20250800,363.0,20251100
2025-06-30 23:00:00,363.0,20251100,365.2,20250800,363.0,20251100
2025-07-01 23:00:00,363.0,20251100,365.2,20250800,363.0,20251100
2025-07-02 23:00:00,363.0,20251100,365.2,20250800,363.0,20251100
2025-07-07 23:00:00,363.0,20251100,365.2,20250800,363.0,20251100
2025-07-08 23:00:00,363.0,20251100,365.2,20250800,363.0,20251100
2025-07-09 23:00:00,363.0,20251100,365.2,20250800,363.0,20251100
2025-07-10 23:00:00,363.0,20251100,365.2,20250800,363.0,20251100
2025-07-11 23:00:00,363.0,20251100,365.2,20250800,363.0,20251100
2025-07-14 23:00:00,363.0,20251100,365.2,20250800,363.0,20251100
2025-07-15 23:00:00,363.0,20251100,365.2,20250800,363.0,20251100
2025-07-16 23:00:00,363.0,20251100,365.2,20250800,363.0,20251100
2025-07-17 23:00:00,363.0,20251100,365.2,20250800,363.0,20251100
2025-07-18 23:00:00,363.0,20251100,365.2,20250800,363.0,20251100
2025-07-21 23:00:00,363.0,20251100,365.2,20250800,363.0,20251100
2025-07-22 23:00:00,363.0,20251100,365.2,20250800,363.0,20251100
2025-07-23 23:00:00,363.0,20251100,365.2,20250800,363.0,20251100
2025-07-24 23:00:00,363.0,20251100,365.2,20250800,363.0,20251100
2025-07-25 14:00:00,,20251100,364.8,20250800,,20251100
2025-07-25 15:00:00,,20251100,364.8,20250800,,20251100
2025-07-25 16:00:00,,20251100,364.8,20250800,,20251100
2025-07-25 17:00:00,,20251100,364.8,20250800,,20251100
2025-07-25 18:00:00,,20251100,364.8,20250800,,20251100
2025-07-25 19:00:00,,20251100,364.8,20250800,,20251100
2025-07-25 23:00:00,363.0,20251100,364.8,20250800,363.0,20251100
2025-07-28 23:00:00,363.0,20251100,364.8,20250800,363.0,20251100
2025-07-29 13:30:00,,20251100,364.6,20250800,,20251100
2025-07-29 14:00:00,,20251100,364.6,20250800,,20251100
2025-07-29 15:00:00,,20251100,364.6,20250800,,20251100
2025-07-29 16:00:00,,20251100,364.6,20250800,,20251100
2025-07-29 17:00:00,,20251100,364.6,20250800,,20251100
2025-07-29 18:00:00,,20251100,364.6,20250800,,20251100
2025-07-29 19:00:00,,20251100,364.6,20250800,,20251100
2025-07-29 23:00:00,363.0,20251100,364.6,20250800,363.0,20251100
2025-07-30 23:00:00,363.0,20251100,364.6,20250800,363.0,20251100
2025-07-31 23:00:00,363.0,20251100,364.6,20250800,363.0,20251100
2025-08-01 23:00:00,363.0,20251100,364.6,20250800,363.0,20251100
2025-08-04 23:00:00,363.0,20251100,364.6,20250800,363.0,20251100
2025-08-05 23:00:00,363.0,20251100,364.6,20250800,363.0,20251100
2025-08-06 23:00:00,363.0,20251100,364.6,20250800,363.0,20251100
2025-08-07 23:00:00,363.0,20251100,364.6,20250800,363.0,20251100
2025-08-08 23:00:00,363.0,20251100,364.6,20250800,363.0,20251100
2025-08-11 23:00:00,363.0,20251100,364.6,20250800,363.0,20251100
2025-08-12 23:00:00,359.4,20260200,363.0,20251100,359.4,20260200
2025-08-13 23:00:00,359.4,20260200,363.0,20251100,359.4,20260200
2025-08-14 23:00:00,359.4,20260200,363.0,20251100,359.4,20260200
2025-08-15 23:00:00,359.4,20260200,363.0,20251100,359.4,20260200
2025-08-18 23:00:00,359.4,20260200,362.6,20251100,359.4,20260200
2025-08-19 23:00:00,359.4,20260200,362.6,20251100,359.4,20260200
2025-08-20 23:00:00,359.4,20260200,362.6,20251100,359.4,20260200
2025-08-21 13:30:00,359.6,20260200,,20251100,359.6,20260200
2025-08-21 14:00:00,359.6,20260200,,20251100,359.6,20260200
2025-08-21 15:00:00,359.6,20260200,,20251100,359.6,20260200
2025-08-21 16:00:00,359.6,20260200,,20251100,359.6,20260200
2025-08-21 17:00:00,359.6,20260200,,20251100,359.6,20260200
2025-08-21 18:00:00,359.6,20260200,,20251100,359.6,20260200
2025-08-21 19:00:00,359.6,20260200,,20251100,359.6,20260200
2025-08-21 23:00:00,359.6,20260200,362.6,20251100,359.6,20260200
2025-08-22 14:00:00,360.4,20260200,,20251100,360.4,20260200
2025-08-22 15:00:00,360.4,20260200,,20251100,360.4,20260200
2025-08-22 16:00:00,360.4,20260200,,20251100,360.4,20260200
2025-08-22 17:00:00,360.4,20260200,,20251100,360.4,20260200
2025-08-22 18:00:00,360.4,20260200,,20251100,360.4,20260200
2025-08-22 19:00:00,360.4,20260200,,20251100,360.4,20260200
2025-08-22 23:00:00,360.4,20260200,362.0,20251100,360.4,20260200
2025-08-25 23:00:00,360.4,20260200,362.0,20251100,360.4,20260200
2025-08-26 23:00:00,360.0,20260200,362.0,20251100,360.0,20260200
2025-08-27 23:00:00,360.0,20260200,362.0,20251100,360.0,20260200
2025-08-28 23:00:00,360.0,20260200,362.0,20251100,360.0,20260200
2025-08-29 23:00:00,360.0,20260200,362.0,20251100,360.0,20260200
2025-09-02 23:00:00,359.6,20260200,362.0,20251100,359.6,20260200
