DATETIME,PRICE
2022-06-14 23:00:00,0.0980363322647373
2022-06-15 23:00:00,0.0983211660890298
2022-06-16 23:00:00,0.098599395585705
2022-06-17 23:00:00,0.0982999031745953
2022-06-20 23:00:00,0.0988020254415215
2022-06-21 23:00:00,0.0989834400704762
2022-06-22 23:00:00,0.09913701230786
2022-06-23 23:00:00,0.0982274850325869
2022-06-24 23:00:00,0.0987244797219918
2022-06-27 23:00:00,0.0992063492063492
2022-06-28 23:00:00,0.0984571760512764
2022-06-29 23:00:00,0.0976791435492693
2022-06-30 23:00:00,0.0978052501858299
2022-07-01 23:00:00,0.096774505724212
2022-07-04 23:00:00,0.0965936257866343
2022-07-05 23:00:00,0.0952108921260592
2022-07-06 23:00:00,0.094906825224336
2022-07-07 23:00:00,0.0949185361663352
2022-07-08 23:00:00,0.0950642634420868
2022-07-11 23:00:00,0.0940158886851878
2022-07-12 23:00:00,0.0945711435069817
2022-07-13 23:00:00,0.0947799919437006
2022-07-14 23:00:00,0.0944425293598213
2022-07-15 23:00:00,0.0954043714282988
2022-07-18 23:00:00,0.0961432149329641
2022-07-19 23:00:00,0.097757444229378
2022-07-20 23:00:00,0.0975495551740284
2022-07-21 23:00:00,0.0980752727718524
2022-07-22 23:00:00,0.0979446318995871
2022-07-25 23:00:00,0.0980863355925886
2022-07-26 23:00:00,0.0968555834822487
2022-07-27 23:00:00,0.0978765678602714
2022-07-28 23:00:00,0.0979638219605499
2022-07-29 23:00:00,0.0984460294255182
2022-08-01 23:00:00,0.0990123517908859
2022-08-02 23:00:00,0.0975857290629818
2022-08-03 23:00:00,0.0978909397040756
2022-08-04 23:00:00,0.098855744754467
2022-08-05 23:00:00,0.0977455000415418
2022-08-08 23:00:00,0.0984639621898385
2022-08-09 23:00:00,0.0983434053370966
2022-08-10 23:00:00,0.0994188965496672
2022-08-11 23:00:00,0.0993492623317271
2022-08-12 23:00:00,0.0980377739543045
2022-08-15 23:00:00,0.0966963685678784
2022-08-16 23:00:00,0.0966575808540663
2022-08-17 23:00:00,0.0963298333493883
2022-08-18 23:00:00,0.095223131603129
2022-08-19 23:00:00,0.0944759889274141
2022-08-22 23:00:00,0.093442224672485
2022-08-23 23:00:00,0.0941096754157295
2022-08-24 23:00:00,0.0942067555664416
2022-08-25 23:00:00,0.0944617099458734
2022-08-26 23:00:00,0.0938020308139671
2022-08-29 23:00:00,0.0937128077294323
2022-08-30 23:00:00,0.093597027358411
2022-08-31 23:00:00,0.0938183114580303
2022-09-01 23:00:00,0.0925613102979085
2022-09-02 23:00:00,0.0927153545898736
2022-09-05 23:00:00,0.092521916128883
2022-09-06 23:00:00,0.0926582255023234
2022-09-07 23:00:00,0.0934518302540955
2022-09-08 23:00:00,0.0933497628916022
2022-09-09 23:00:00,0.0940932935005057
2022-09-12 23:00:00,0.0953561552398207
2022-09-13 23:00:00,0.093492020456054
2022-09-14 23:00:00,0.093507319285417
2022-09-15 23:00:00,0.0931567082145585
2022-09-16 23:00:00,0.0930358048294886
2022-09-19 23:00:00,0.0928005345310789
2022-09-20 23:00:00,0.0917995465102402
2022-09-21 23:00:00,0.0903179190751445
2022-09-22 23:00:00,0.0903648480740991
2022-09-23 23:00:00,0.0885112409275978
2022-09-26 23:00:00,0.088054523360865
2022-09-27 23:00:00,0.0880227450773279
2022-09-28 23:00:00,0.0889834090433838
2022-09-29 23:00:00,0.0896487115238936
2022-09-30 23:00:00,0.0902303128736098
2022-10-03 23:00:00,0.0907338096858341
2022-10-04 23:00:00,0.0922245483302745
2022-10-05 23:00:00,0.0906897865162425
2022-10-06 23:00:00,0.0897670097262555
2022-10-07 23:00:00,0.0892223823268305
2022-10-10 23:00:00,0.0884087312462978
2022-10-11 23:00:00,0.0879998944001267
2022-10-12 23:00:00,0.0882040335704551
2022-10-13 23:00:00,0.0889794501959772
2022-10-14 23:00:00,0.0885476851421411
2022-10-17 23:00:00,0.0896587587641436
2022-10-18 23:00:00,0.0901546603197785
2022-10-19 23:00:00,0.089135695726389
2022-10-20 23:00:00,0.088805608962262
2022-10-21 23:00:00,0.08949066388649
2022-10-24 23:00:00,0.0896217960207922
2022-10-25 23:00:00,0.0911165882304703
2022-10-26 23:00:00,0.0920581439237022
2022-10-27 23:00:00,0.0911398404141394
2022-10-28 23:00:00,0.0913354614495851
2022-10-31 23:00:00,0.0906137723872651
2022-11-01 23:00:00,0.0908277587796382
2022-11-02 23:00:00,0.0900130518925244
2022-11-03 23:00:00,0.0893878718535469
2022-11-04 23:00:00,0.0917258680706839
2022-11-07 23:00:00,0.0922756087883289
2022-11-08 23:00:00,0.0930505217808008
2022-11-09 23:00:00,0.091825678132633
2022-11-10 23:00:00,0.0943828072278353
2022-11-11 23:00:00,0.0964306205792587
2022-11-14 23:00:00,0.0953970903887431
2022-11-15 23:00:00,0.095367067844132
2022-11-16 23:00:00,0.0954157502778983
2022-11-17 23:00:00,0.0942573697480971
2022-11-18 23:00:00,0.094025170538153
2022-11-21 23:00:00,0.0933698098056974
2022-11-22 23:00:00,0.0939341990935349
2022-11-23 23:00:00,0.0956512174008694
2022-11-24 23:00:00,0.0960970195509386
2022-11-25 23:00:00,0.0958777367101472
2022-11-28 23:00:00,0.0947463167369368
2022-11-29 23:00:00,0.0945362759324821
2022-11-30 23:00:00,0.0952494344564829
2022-12-01 23:00:00,0.0970487475859124
2022-12-02 23:00:00,0.0968119814508243
2022-12-05 23:00:00,0.0959955458066745
2022-12-06 23:00:00,0.0960444109356166
2022-12-07 23:00:00,0.0962593612228789
2022-12-08 23:00:00,0.0968363562415873
2022-12-09 23:00:00,0.0969081456141796
2022-12-12 23:00:00,0.096804952541372
2022-12-13 23:00:00,0.0978583695817044
2022-12-14 23:00:00,0.0984363387588162
2022-12-15 23:00:00,0.0966767371601208
2022-12-16 23:00:00,0.0960347261569783
2022-12-19 23:00:00,0.0962385175418757
2022-12-20 23:00:00,0.0959448892556115
2022-12-21 23:00:00,0.0959251016806077
2022-12-22 23:00:00,0.095496390236449
2022-12-23 23:00:00,0.0949667616334283
2022-12-26 23:00:00,0.095268490423135
2022-12-27 23:00:00,0.0954521808437018
2022-12-28 23:00:00,0.095423489446162
2022-12-29 23:00:00,0.0955401842014751
2022-12-30 23:00:00,0.0958193995956421
2023-01-03 23:00:00,0.0945863502437963
2023-01-04 23:00:00,0.0950963563831051
2023-01-05 23:00:00,0.0935265592046501
2023-01-06 23:00:00,0.0950317406013608
2023-01-09 23:00:00,0.0961150304684646
2023-01-10 23:00:00,0.096054558989506
2023-01-11 23:00:00,0.0955789936487758
2023-01-12 23:00:00,0.0961552330081683
2023-01-13 23:00:00,0.0961778906265027
2023-01-16 23:00:00,0.0959872528928158
2023-01-17 23:00:00,0.0959812644571779
2023-01-18 23:00:00,0.096747821964658
2023-01-19 23:00:00,0.0969288106350291
2023-01-20 23:00:00,0.0971128354034552
2023-01-23 23:00:00,0.0976934574691532
2023-01-24 23:00:00,0.0979537462410249
2023-01-25 23:00:00,0.0980046258183386
2023-01-26 23:00:00,0.0973799913331807
2023-01-27 23:00:00,0.0969414958072803
2023-01-30 23:00:00,0.0961792781745173
2023-01-31 23:00:00,0.0955703158598939
2023-02-01 23:00:00,0.0966874867054705
2023-02-02 23:00:00,0.0964245766961083
2023-02-03 23:00:00,0.094883862152725
2023-02-06 23:00:00,0.094099048658618
2023-02-07 23:00:00,0.094574721122791
2023-02-08 23:00:00,0.0943957257615375
2023-02-09 23:00:00,0.0966122900494171
2023-02-10 23:00:00,0.0955748829207684
2023-02-13 23:00:00,0.0963358653609945
2023-02-14 23:00:00,0.0964799297626111
2023-02-15 23:00:00,0.09591728093692
2023-02-16 23:00:00,0.0957208015659923
2023-02-17 23:00:00,0.0956658582901641
2023-02-20 23:00:00,0.0966515084884187
2023-02-21 23:00:00,0.0962992209393026
2023-02-22 23:00:00,0.0959370652851729
2023-02-23 23:00:00,0.0958455736117966
2023-02-24 23:00:00,0.0951791747965545
2023-02-27 23:00:00,0.0962551917644058
2023-02-28 23:00:00,0.0954968462166536
2023-03-01 23:00:00,0.0957533393977115
2023-03-02 23:00:00,0.0951474785918173
2023-03-03 23:00:00,0.0956315507612271
2023-03-06 23:00:00,0.0955456612715216
2023-03-07 23:00:00,0.0931454279566687
2023-03-08 23:00:00,0.0931580099585912
2023-03-09 23:00:00,0.0929973030782107
2023-03-10 23:00:00,0.0934417881020571
2023-03-13 23:00:00,0.0943738999542286
2023-03-14 23:00:00,0.0955191945821512
2023-03-15 23:00:00,0.0943805802518073
2023-03-16 23:00:00,0.0951058528141821
2023-03-17 23:00:00,0.095486815657928
2023-03-20 23:00:00,0.0964273660864953
2023-03-21 23:00:00,0.0967295731323937
2023-03-22 23:00:00,0.096960294759296
2023-03-23 23:00:00,0.0967473539598691
2023-03-24 23:00:00,0.0959067019603329
2023-03-27 23:00:00,0.0963660367540064
2023-03-28 23:00:00,0.0965959584250994
2023-03-29 23:00:00,0.0962139798912782
2023-03-30 23:00:00,0.0965223014777564
2023-03-31 23:00:00,0.096090094072202
2023-04-03 23:00:00,0.096411561674476
2023-04-04 23:00:00,0.0972715334857254
2023-04-05 23:00:00,0.096150148071228
2023-04-06 23:00:00,0.0958984243888873
2023-04-07 23:00:00,0.0956850812605552
2023-04-10 23:00:00,0.0950218075048223
2023-04-11 23:00:00,0.0956347517560931
2023-04-12 23:00:00,0.0966823453203327
2023-04-13 23:00:00,0.0973439697844317
2023-04-14 23:00:00,0.0968508932073625
2023-04-17 23:00:00,0.0965828971005814
2023-04-18 23:00:00,0.0969696969696969
2023-04-19 23:00:00,0.0965908267691817
2023-04-20 23:00:00,0.0969180073657685
2023-04-21 23:00:00,0.0972592347643408
2023-04-24 23:00:00,0.0975957292108897
2023-04-25 23:00:00,0.0969518343287055
2023-04-26 23:00:00,0.0968311990123217
2023-04-27 23:00:00,0.0971467985272545
2023-04-28 23:00:00,0.097418886599545
2023-05-01 23:00:00,0.0968701262217744
2023-05-02 23:00:00,0.0970172060014843
2023-05-03 23:00:00,0.0974079738167366
2023-05-04 23:00:00,0.0975900145897071
2023-05-05 23:00:00,0.0984058256248769
2023-05-08 23:00:00,0.0983874300219403
2023-05-09 23:00:00,0.0978990856225402
2023-05-10 23:00:00,0.0978459220265847
2023-05-11 23:00:00,0.0967403344313361
2023-05-12 23:00:00,0.0962690913641811
2023-05-15 23:00:00,0.0966090232827746
2023-05-16 23:00:00,0.0962524123260839
2023-05-17 23:00:00,0.0957203434445922
2023-05-18 23:00:00,0.094659321103349
2023-05-19 23:00:00,0.0949108786849148
2023-05-22 23:00:00,0.0946821756070311
2023-05-23 23:00:00,0.0941349235859757
2023-05-24 23:00:00,0.0932761861233017
2023-05-25 23:00:00,0.0923851537057994
2023-05-26 23:00:00,0.0925039429805695
2023-05-29 23:00:00,0.0925026594514592
2023-05-30 23:00:00,0.0919895499871214
2023-05-31 23:00:00,0.092049670001933
2023-06-01 23:00:00,0.0924812725423101
2023-06-02 23:00:00,0.0927841747311578
2023-06-05 23:00:00,0.0921149594694178
2023-06-06 23:00:00,0.0916481079248118
2023-06-07 23:00:00,0.0917911201270389
2023-06-08 23:00:00,0.0925810199650969
2023-06-09 23:00:00,0.0923454829207029
2023-06-12 23:00:00,0.0922926415076925
2023-06-13 23:00:00,0.0926835597901644
2023-06-14 23:00:00,0.0937650903192232
2023-06-15 23:00:00,0.0929851967566763
2023-06-16 23:00:00,0.0942227331188195
2023-06-19 23:00:00,0.0932266199290545
2023-06-20 23:00:00,0.0929571049439236
2023-06-21 23:00:00,0.0927058998034635
2023-06-22 23:00:00,0.0937312537492501
2023-06-23 23:00:00,0.0931432589894887
2023-06-26 23:00:00,0.0933427920695963
2023-06-27 23:00:00,0.093462311322959
2023-06-28 23:00:00,0.0931194070156161
2023-06-29 23:00:00,0.092563452246515
2023-06-30 23:00:00,0.0920971440675624
2023-07-03 23:00:00,0.0922747573173882
2023-07-04 23:00:00,0.092193514186277
2023-07-05 23:00:00,0.0923646742067029
2023-07-06 23:00:00,0.0913187801637345
2023-07-07 23:00:00,0.0915545504900457
2023-07-10 23:00:00,0.0921913893242371
2023-07-11 23:00:00,0.0930678418032825
2023-07-12 23:00:00,0.093982312528782
2023-07-13 23:00:00,0.0964506172839506
2023-07-14 23:00:00,0.0981248344143419
2023-07-17 23:00:00,0.0978727360812735
2023-07-18 23:00:00,0.0976710341897455
2023-07-19 23:00:00,0.0978100333532213
2023-07-20 23:00:00,0.0976800976800976
2023-07-21 23:00:00,0.0966510414149712
2023-07-24 23:00:00,0.0960208941465662
2023-07-25 23:00:00,0.0962357390664171
2023-07-26 23:00:00,0.0964952910297977
2023-07-27 23:00:00,0.0962941207624568
2023-07-28 23:00:00,0.095183704549781
2023-07-31 23:00:00,0.0950186474095541
2023-08-01 23:00:00,0.0945689076345479
2023-08-02 23:00:00,0.0932766211476755
2023-08-03 23:00:00,0.0934339305318726
2023-08-04 23:00:00,0.0945335948762791
2023-08-07 23:00:00,0.0945554946197923
2023-08-08 23:00:00,0.093299248008061
2023-08-09 23:00:00,0.0936636538191354
2023-08-10 23:00:00,0.0934400418611387
2023-08-11 23:00:00,0.0925630238488631
2023-08-14 23:00:00,0.0928225001740421
2023-08-15 23:00:00,0.0920615339292783
2023-08-16 23:00:00,0.0916510478006039
2023-08-17 23:00:00,0.091471223153196
2023-08-18 23:00:00,0.0910294981088621
2023-08-21 23:00:00,0.0909686340149916
2023-08-22 23:00:00,0.0913312905568012
2023-08-23 23:00:00,0.0916682708614067
2023-08-24 23:00:00,0.0915847364878169
2023-08-25 23:00:00,0.0907642806250028
2023-08-28 23:00:00,0.0910402716641706
2023-08-29 23:00:00,0.0912458711243316
2023-08-30 23:00:00,0.0917818528920461
2023-08-31 23:00:00,0.0921633503221109
2023-09-01 23:00:00,0.0912579451448491
2023-09-04 23:00:00,0.0907251662538671
2023-09-05 23:00:00,0.090428177420084
2023-09-06 23:00:00,0.0901871834993529
2023-09-07 23:00:00,0.0899397853137324
2023-09-08 23:00:00,0.0901412513408511
2023-09-11 23:00:00,0.0903493357065092
2023-09-12 23:00:00,0.090105919508382
2023-09-13 23:00:00,0.0899871318401468
2023-09-14 23:00:00,0.0899604174163368
2023-09-15 23:00:00,0.0895728271871445
2023-09-18 23:00:00,0.0893463421607519
2023-09-19 23:00:00,0.0896527301497649
2023-09-20 23:00:00,0.0894946683551327
2023-09-21 23:00:00,0.0895050816510107
2023-09-22 23:00:00,0.0894514390500257
2023-09-25 23:00:00,0.089783531904578
2023-09-26 23:00:00,0.0903097624853246
2023-09-27 23:00:00,0.0908401349884406
2023-09-28 23:00:00,0.090408556265765
2023-09-29 23:00:00,0.0916556679865082
2023-10-02 23:00:00,0.0914168700692025
2023-10-03 23:00:00,0.0902294987300198
2023-10-04 23:00:00,0.0901408450704225
2023-10-05 23:00:00,0.090603920431637
2023-10-06 23:00:00,0.090627732992573
2023-10-09 23:00:00,0.0909827041879338
2023-10-10 23:00:00,0.0911867961519172
2023-10-11 23:00:00,0.0918923389357029
2023-10-12 23:00:00,0.0917869075155119
2023-10-13 23:00:00,0.0912983538906793
2023-10-16 23:00:00,0.0909884990537196
2023-10-17 23:00:00,0.0913696771452458
2023-10-18 23:00:00,0.091714090494293
2023-10-19 23:00:00,0.0905596131293327
2023-10-20 23:00:00,0.0911635200058344
2023-10-23 23:00:00,0.0911506401053701
2023-10-24 23:00:00,0.0900616922591975
2023-10-25 23:00:00,0.0896925339934703
2023-10-26 23:00:00,0.0895611949254627
2023-10-27 23:00:00,0.0896559453098733
2023-10-30 23:00:00,0.0896925339934703
2023-10-31 23:00:00,0.0896756431985508
2023-11-01 23:00:00,0.0894202438490049
2023-11-02 23:00:00,0.0897299576923249
2023-11-03 23:00:00,0.090067776001441
2023-11-06 23:00:00,0.092065347983999
2023-11-07 23:00:00,0.0914302432958774
2023-11-08 23:00:00,0.0913805313777899
2023-11-09 23:00:00,0.0918003892336503
2023-11-10 23:00:00,0.0915026101119534
2023-11-13 23:00:00,0.0919980128429226
2023-11-14 23:00:00,0.0920272216521647
2023-11-15 23:00:00,0.0944559103424499
2023-11-16 23:00:00,0.094758886014536
2023-11-17 23:00:00,0.0943756812744492
2023-11-20 23:00:00,0.0951393315510565
2023-11-21 23:00:00,0.0959076217787027
2023-11-22 23:00:00,0.0954518164003401
2023-11-23 23:00:00,0.0954247187237134
2023-11-24 23:00:00,0.0952648147504228
2023-11-27 23:00:00,0.0955945719490155
2023-11-28 23:00:00,0.0958887690279275
2023-11-29 23:00:00,0.0968654814529241
2023-11-30 23:00:00,0.0966234920696268
2023-12-01 23:00:00,0.0954973022012128
2023-12-04 23:00:00,0.0959353625901012
2023-12-05 23:00:00,0.0958262401951788
2023-12-06 23:00:00,0.0953547913398778
2023-12-07 23:00:00,0.0954316396921184
2023-12-08 23:00:00,0.0961242694555521
2023-12-11 23:00:00,0.09534847244596
2023-12-12 23:00:00,0.0955547911172266
2023-12-13 23:00:00,0.095618657494925
2023-12-14 23:00:00,0.0973624511970713
2023-12-15 23:00:00,0.0974644620205357
2023-12-18 23:00:00,0.0976147827827046
2023-12-19 23:00:00,0.0980223500760408
2023-12-20 23:00:00,0.0981807114174349
2023-12-21 23:00:00,0.0983657030270569
2023-12-22 23:00:00,0.0992620363904551
2023-12-26 23:00:00,0.0996572786188298
2023-12-27 23:00:00,0.1001540870629463
2023-12-28 23:00:00,0.1006927662316739
2023-12-29 23:00:00,0.1002109440371983
2024-01-02 23:00:00,0.0978559755751485
2024-01-03 23:00:00,0.0972334648415945
2024-01-04 23:00:00,0.0978360619811019
2024-01-05 23:00:00,0.0975296234039886
2024-01-08 23:00:00,0.0974270490613391
2024-01-09 23:00:00,0.0976243123587498
2024-01-10 23:00:00,0.0975486511704131
2024-01-11 23:00:00,0.0980353711619152
2024-01-12 23:00:00,0.0975528382754414
2024-01-15 23:00:00,0.0973802758198932
2024-01-16 23:00:00,0.0964166278188003
2024-01-17 23:00:00,0.0956201661017905
2024-01-18 23:00:00,0.0959135550311215
2024-01-19 23:00:00,0.0953948607926645
2024-01-22 23:00:00,0.095586485218028
2024-01-23 23:00:00,0.0960329277702738
2024-01-24 23:00:00,0.0954676722594811
2024-01-25 23:00:00,0.0958607335263329
2024-01-26 23:00:00,0.0956397365890374
2024-01-29 23:00:00,0.0954514975146816
2024-01-30 23:00:00,0.0957441715735554
2024-01-31 23:00:00,0.0958583903171522
2024-02-01 23:00:00,0.0959403327882323
2024-02-02 23:00:00,0.0962995918823296
2024-02-05 23:00:00,0.0943031024306153
2024-02-06 23:00:00,0.0951994714525344
2024-02-07 23:00:00,0.095369750908516
2024-02-08 23:00:00,0.0956054020876395
2024-02-09 23:00:00,0.095476285838814
2024-02-12 23:00:00,0.0961473284743678
2024-02-13 23:00:00,0.096069323623927
2024-02-14 23:00:00,0.0946786346772807
2024-02-15 23:00:00,0.0951252585623434
2024-02-16 23:00:00,0.0954925145805133
2024-02-19 23:00:00,0.0960202026506377
2024-02-20 23:00:00,0.0961034380524446
2024-02-21 23:00:00,0.0965978712727107
2024-02-22 23:00:00,0.0967838251000139
2024-02-23 23:00:00,0.0970101472614035
2024-02-26 23:00:00,0.0969972089053137
2024-02-27 23:00:00,0.0972885676204189
2024-02-28 23:00:00,0.0966996412443309
2024-02-29 23:00:00,0.0966968360795234
2024-03-01 23:00:00,0.0964288073347608
2024-03-04 23:00:00,0.0969551243207081
2024-03-05 23:00:00,0.0962371745920385
2024-03-06 23:00:00,0.0963999905528009
2024-03-07 23:00:00,0.0972818952069696
2024-03-08 23:00:00,0.0978200316839082
2024-03-11 23:00:00,0.097644235181999
2024-03-12 23:00:00,0.0976695555693378
2024-03-13 23:00:00,0.0976806224599985
2024-03-14 23:00:00,0.0975448450231888
2024-03-15 23:00:00,0.0965693730233456
2024-03-18 23:00:00,0.0965225809752062
2024-03-19 23:00:00,0.0956804578883992
2024-03-20 23:00:00,0.0953237958698105
2024-03-21 23:00:00,0.0965348804656842
2024-03-22 23:00:00,0.0951234940761844
2024-03-25 23:00:00,0.0946945036942693
2024-03-26 23:00:00,0.0947027989412227
2024-03-27 23:00:00,0.0943904242802376
2024-03-28 23:00:00,0.0939998928401221
2024-03-29 23:00:00,0.0933607876289487
2024-04-01 23:00:00,0.0926042109912864
2024-04-02 23:00:00,0.09314195765766604
2024-04-03 23:00:00,0.09391783410447702
2024-04-04 23:00:00,0.09392983159790141
2024-04-05 23:00:00,0.0939863315678001
2024-04-08 23:00:00,0.09467410805155951
2024-04-09 23:00:00,0.09475255606864064
2024-04-10 23:00:00,0.09327749120859645
2024-04-11 23:00:00,0.09323487730290148
2024-04-12 23:00:00,0.09186958744583713
2024-04-15 23:00:00,0.09185646508765404
2024-04-16 23:00:00,0.09122468685985927
2024-04-17 23:00:00,0.09139406103112607
2024-04-18 23:00:00,0.09115566698829425
2024-04-19 23:00:00,0.09155618505519236
2024-04-22 23:00:00,0.09182989430379165
2024-04-23 23:00:00,0.09244408288536472
2024-04-24 23:00:00,0.09189681458071619
2024-04-25 23:00:00,0.09180064205369053
2024-04-26 23:00:00,0.09141833257532299
2024-04-29 23:00:00,0.09154780328757317
2024-04-30 23:00:00,0.09070977679045225
2024-05-01 23:00:00,0.09148461228821313
2024-05-02 23:00:00,0.09198155401915699
2024-05-03 23:00:00,0.09242144177449169
2024-05-06 23:00:00,0.09245643337288927
2024-05-07 23:00:00,0.092103081769116
2024-05-08 23:00:00,0.09172414330796702
2024-05-09 23:00:00,0.09217694285951313
2024-05-10 23:00:00,0.09224709306347983
2024-05-13 23:00:00,0.09225739073957215
2024-05-14 23:00:00,0.09258299139348512
2024-05-15 23:00:00,0.09374333543474644
2024-05-16 23:00:00,0.09333630142771873
2024-05-17 23:00:00,0.0931131208026351
2024-05-20 23:00:00,0.09355372720388024
2024-05-21 23:00:00,0.09353797571660613
2024-05-22 23:00:00,0.09310856924717066
2024-05-23 23:00:00,0.09315323707498836
2024-05-24 23:00:00,0.09364216519414362
2024-05-27 23:00:00,0.09418807757895198
2024-05-28 23:00:00,0.09458460569333117
2024-05-29 23:00:00,0.09371307119288305
2024-05-30 23:00:00,0.09431786724665868
2024-05-31 23:00:00,0.09499784117405932
2024-06-03 23:00:00,0.09611914159839403
2024-06-04 23:00:00,0.09576796571123755
2024-06-05 23:00:00,0.09620819453296933
2024-06-06 23:00:00,0.09625699848539614
2024-06-07 23:00:00,0.0948978638016369
2024-06-10 23:00:00,0.09540500857214003
2024-06-11 23:00:00,0.09538667133425446
2024-06-12 23:00:00,0.09630204945206541
2024-06-13 23:00:00,0.09550783665676728
2024-06-14 23:00:00,0.09508274813863635
2024-06-17 23:00:00,0.09542412684538333
2024-06-18 23:00:00,0.09579828712662618
2024-06-19 23:00:00,0.09584768652439035
2024-06-20 23:00:00,0.0952263506548478
2024-06-21 23:00:00,0.09516785229949323
2024-06-24 23:00:00,0.09547833692013619
2024-06-25 23:00:00,0.09517102232712184
2024-06-26 23:00:00,0.0945586239829038
2024-06-27 23:00:00,0.09415624004003524
2024-06-28 23:00:00,0.09410259064432044
2024-07-01 23:00:00,0.09424022587497338
2024-07-02 23:00:00,0.09451255386624867
2024-07-03 23:00:00,0.09528891599329166
2024-07-04 23:00:00,0.09529804224466915
2024-07-05 23:00:00,0.0954765593112321
2024-07-08 23:00:00,0.09449268295909506
2024-07-09 23:00:00,0.09473599446741793
2024-07-10 23:00:00,0.09484655960703173
2024-07-11 23:00:00,0.09534615421286984
2024-07-12 23:00:00,0.09522267823304799
2024-07-15 23:00:00,0.09429558838089759
2024-07-16 23:00:00,0.09437345463468036
2024-07-17 23:00:00,0.09486136012218142
2024-07-18 23:00:00,0.09438325263565232
2024-07-19 23:00:00,0.09363821937562036
2024-07-22 23:00:00,0.09325657074140373
2024-07-23 23:00:00,0.09289510377776519
2024-07-24 23:00:00,0.09279110541579927
2024-07-25 23:00:00,0.09238169715339657
2024-07-26 23:00:00,0.09241930639310553
2024-07-29 23:00:00,0.09233103075131144
2024-07-30 23:00:00,0.09296146886557725
2024-07-31 23:00:00,0.0934980956775363
2024-08-01 23:00:00,0.09319277998256363
2024-08-02 23:00:00,0.09460191985136146
2024-08-05 23:00:00,0.09469876323415218
2024-08-06 23:00:00,0.09497176726788543
2024-08-07 23:00:00,0.09533070220595244
2024-08-08 23:00:00,0.09514154921838838
2024-08-09 23:00:00,0.09465842507312364
2024-08-12 23:00:00,0.09502636744130577
2024-08-13 23:00:00,0.09556209625014335
2024-08-14 23:00:00,0.09553562045608706
2024-08-15 23:00:00,0.09488386215272507
2024-08-16 23:00:00,0.09578846840944207
2024-08-19 23:00:00,0.09696165796678191
2024-08-20 23:00:00,0.09800323312666086
2024-08-21 23:00:00,0.09818027764400715
2024-08-22 23:00:00,0.09758339599000551
2024-08-23 23:00:00,0.09825740492367856
2024-08-26 23:00:00,0.097894341658105
2024-08-27 23:00:00,0.09856003784705453
2024-08-28 23:00:00,0.09806334696086978
2024-08-29 23:00:00,0.09778994719342851
2024-08-30 23:00:00,0.09732544802553429
2024-09-02 23:00:00,0.09750199879097522
2024-09-03 23:00:00,0.09703462195311287
2024-09-04 23:00:00,0.09726353896304424
2024-09-05 23:00:00,0.09748393952096392
2024-09-06 23:00:00,0.09708172339475371
2024-09-09 23:00:00,0.0963948332369385
2024-09-10 23:00:00,0.09643108552472975
2024-09-11 23:00:00,0.09625699848539614
2024-09-12 23:00:00,0.09721479609196519
2024-09-13 23:00:00,0.09781103787781346
2024-09-16 23:00:00,0.09833707096150546
2024-09-17 23:00:00,0.09814433596769087
2024-09-18 23:00:00,0.09794199385413989
2024-09-19 23:00:00,0.09842325938465779
2024-09-20 23:00:00,0.09831488290697446
2024-09-23 23:00:00,0.09807637894162838
2024-09-24 23:00:00,0.09904422324567919
2024-09-25 23:00:00,0.09821928437429404
2024-09-26 23:00:00,0.09891314239140325
2024-09-27 23:00:00,0.09910846976027148
2024-09-30 23:00:00,0.0984194331139072
2024-10-01 23:00:00,0.0975138835391689
2024-10-02 23:00:00,0.09749006941780393
2024-10-03 23:00:00,0.09704775865775186
2024-10-04 23:00:00,0.0963948332369385
2024-10-07 23:00:00,0.09657632112785691
2024-10-08 23:00:00,0.09676771635446982
2024-10-09 23:00:00,0.09616443348810999
2024-10-10 23:00:00,0.09623763767395555
2024-10-11 23:00:00,0.09644987307196703
2024-10-14 23:00:00,0.09591291107674231
2024-10-15 23:00:00,0.09605871108421468
2024-10-16 23:00:00,0.09521089212605922
2024-10-17 23:00:00,0.0948941716474245
2024-10-18 23:00:00,0.095055181909478
2024-10-21 23:00:00,0.0946714191719091
2024-10-22 23:00:00,0.09485618616475097
2024-10-23 23:00:00,0.09440860326719853
2024-10-24 23:00:00,0.09475174805131185
2024-10-25 23:00:00,0.09414777434661444
2024-10-28 23:00:00,0.09389362790894197
2024-10-29 23:00:00,0.09398809828711391
2024-10-30 23:00:00,0.09366760178155778
2024-10-31 23:00:00,0.09391214518817645
2024-11-01 23:00:00,0.09304840052125714
2024-11-04 23:00:00,0.09326400708806454
2024-11-05 23:00:00,0.0934561970804284
2024-11-06 23:00:00,0.09217630561975891
2024-11-07 23:00:00,0.0935979034069637
2024-11-08 23:00:00,0.09246079315642193
2024-11-11 23:00:00,0.09221089923607881
2024-11-12 23:00:00,0.09173979475055721
2024-11-13 23:00:00,0.09100112613893596
2024-11-14 23:00:00,0.09095163146762736
2024-11-15 23:00:00,0.09110621162150835
2024-11-18 23:00:00,0.09167251460916111
2024-11-19 23:00:00,0.09156792210866274
2024-11-20 23:00:00,0.09068649678062937
2024-11-21 23:00:00,0.09040692155391417
2024-11-22 23:00:00,0.09060515180893186
2024-11-25 23:00:00,0.0910278408651286
2024-11-26 23:00:00,0.09100626077571006
2024-11-27 23:00:00,0.09165982655211022
2024-11-28 23:00:00,0.09153527540675989
2024-11-29 23:00:00,0.09188161605061573
2024-12-02 23:00:00,0.09097695144423636
2024-12-03 23:00:00,0.0908207058494438
2024-12-04 23:00:00,0.091505540660487
2024-12-05 23:00:00,0.09213320618950879
2024-12-06 23:00:00,0.09145700149074912
2024-12-09 23:00:00,0.09163597243406678
2024-12-10 23:00:00,0.09116850675102793
2024-12-11 23:00:00,0.09131961408331088
2024-12-12 23:00:00,0.09077107761154064
2024-12-13 23:00:00,0.09112094711112427
2024-12-16 23:00:00,0.09188140499531634
2024-12-17 23:00:00,0.09123504885636867
2024-12-18 23:00:00,0.08985129610494631
2024-12-19 23:00:00,0.09062670633095514
2024-12-20 23:00:00,0.09068810049692545
2024-12-23 23:00:00,0.09057929991259096
2024-12-24 23:00:00,0.09030605172459726
2024-12-26 23:00:00,0.09054567350135592
2024-12-27 23:00:00,0.09094608943183703
2024-12-30 23:00:00,0.09071936373067055
2024-12-31 23:00:00,0.09038653349114822
2025-01-02 23:00:00,0.0896836856407451
2025-01-03 23:00:00,0.09000900090009001
2025-01-06 23:00:00,0.09048136083966703
2025-01-07 23:00:00,0.08993772262396903
2025-01-08 23:00:00,0.08968187596548144
2025-01-09 23:00:00,0.08967383384783696
2025-01-10 23:00:00,0.08917559834597101
2025-01-13 23:00:00,0.08891022734345132
2025-01-14 23:00:00,0.08948906219937268
2025-01-15 23:00:00,0.08961733844570377
2025-01-16 23:00:00,0.08966494898512728
2025-01-17 23:00:00,0.08932160242954759
2025-01-20 23:00:00,0.0907292819684625
2025-01-21 23:00:00,0.09023401741245834
2025-01-22 23:00:00,0.09085750862351329
2025-01-23 23:00:00,0.09087980282717978
2025-01-24 23:00:00,0.09154830615035253
2025-01-27 23:00:00,0.09140333366238534
2025-01-28 23:00:00,0.09097873099226862
2025-01-29 23:00:00,0.09090971074802784
2025-01-30 23:00:00,0.09053686095122553
2025-01-31 23:00:00,0.09012252608033251
2025-02-03 23:00:00,0.09035386640006252
2025-02-04 23:00:00,0.09114748300783047
2025-02-05 23:00:00,0.09168302062547073
2025-02-06 23:00:00,0.09172835016013477
2025-02-07 23:00:00,0.09132090668875414
2025-02-10 23:00:00,0.0915614663568837
2025-02-11 23:00:00,0.09209252167282382
2025-02-12 23:00:00,0.09186110600771634
2025-02-13 23:00:00,0.09311186366188474
2025-02-14 23:00:00,0.09350508971579596
2025-02-17 23:00:00,0.09353005822246124
2025-02-18 23:00:00,0.09328140668361279
2025-02-19 23:00:00,0.09322622882657544
2025-02-20 23:00:00,0.09405833497935419
2025-02-21 23:00:00,0.09394081728511039
2025-02-24 23:00:00,0.09379455241239588
2025-02-25 23:00:00,0.09435208423754081
2025-02-26 23:00:00,0.09391276255660591
2025-02-27 23:00:00,0.09299816793609166
2025-02-28 23:00:00,0.09255509920749697
2025-03-03 23:00:00,0.09515544593648184
2025-03-04 23:00:00,0.09597900747148583
2025-03-05 23:00:00,0.09800808370674415
2025-03-06 23:00:00,0.09824673783987846
2025-03-07 23:00:00,0.09903436541997256
2025-03-10 23:00:00,0.09876450541945532
2025-03-11 23:00:00,0.09988338614667376
2025-03-12 23:00:00,0.09909526027370111
2025-03-13 23:00:00,0.0980954282135204
2025-03-14 23:00:00,0.09864267676767675
2025-03-17 23:00:00,0.09910513022661875
2025-03-18 23:00:00,0.09958279786833063
2025-03-19 23:00:00,0.09903436541997256
2025-03-20 23:00:00,0.0987142469336887
2025-03-21 23:00:00,0.09859993028984929
2025-03-24 23:00:00,0.09899416973837327
2025-03-25 23:00:00,0.0995698582125219
2025-03-26 23:00:00,0.0994740310607662
2025-03-27 23:00:00,0.09999650012249572
2025-03-28 23:00:00,0.09989256554575554
2025-03-31 23:00:00,0.09960903453943273
2025-04-01 23:00:00,0.09985376416238419
2025-04-02 23:00:00,0.1009315986555911
2025-04-03 23:00:00,0.10236352255401084
2025-04-04 23:00:00,0.10000600036002161
2025-04-07 23:00:00,0.0992334218164678
2025-04-08 23:00:00,0.09980234146273306
2025-04-09 23:00:00,0.10024560172422435
2025-04-10 23:00:00,0.10143422928497489
2025-04-11 23:00:00,0.10223898259943635
2025-04-14 23:00:00,0.10229132569558101
2025-04-15 23:00:00,0.10128756755880756
2025-04-16 23:00:00,0.10252892725521347
2025-04-17 23:00:00,0.10387489722877355
2025-04-18 23:00:00,0.103862382343395
2025-04-21 23:00:00,0.10498434158545253
2025-04-22 23:00:00,0.10449675668191448
2025-04-23 23:00:00,0.10313377120494795
2025-04-24 23:00:00,0.10417106138331876
2025-04-25 23:00:00,0.10315824113135706
2025-04-28 23:00:00,0.10433730162870528
2025-04-29 23:00:00,0.10384269907943448
2025-04-30 23:00:00,0.10348265708279285
2025-05-01 23:00:00,0.10261046144437565
2025-05-02 23:00:00,0.10346359917787826
2025-05-05 23:00:00,0.10350997137431742
2025-05-06 23:00:00,0.10468518547597737
2025-05-07 23:00:00,0.1034543404268526
2025-05-08 23:00:00,0.10271264084470876
2025-05-09 23:00:00,0.10295326590923948
2025-05-12 23:00:00,0.10181386491030962
2025-05-13 23:00:00,0.10301281582441671
2025-05-14 23:00:00,0.10255621362459298
2025-05-15 23:00:00,0.1028161339077328
2025-05-16 23:00:00,0.1022672129781184
2025-05-19 23:00:00,0.10324291147075206
2025-05-20 23:00:00,0.10373234151383867
2025-05-21 23:00:00,0.10438740252826288
2025-05-22 23:00:00,0.10379667476972709
2025-05-23 23:00:00,0.10488006964036624
2025-05-26 23:00:00,0.10508898672673553
2025-05-27 23:00:00,0.10393287183673809
2025-05-28 23:00:00,0.10358749388186364
2025-05-29 23:00:00,0.10457981139031015
2025-05-30 23:00:00,0.10428833639245785
2025-06-02 23:00:00,0.10500865008755096
2025-06-03 23:00:00,0.10391008452565827
2025-06-04 23:00:00,0.10444087836867526
2025-06-05 23:00:00,0.10452378961451626
2025-06-06 23:00:00,0.10372099053545962
2025-06-09 23:00:00,0.10416769749283977
2025-06-10 23:00:00,0.10415364746073406
2025-06-11 23:00:00,0.10462226393163145
2025-06-12 23:00:00,0.10586155425933963
2025-06-13 23:00:00,0.10546910019037171
2025-06-16 23:00:00,0.1054323490696386
2025-06-17 23:00:00,0.10469554274431096
2025-06-18 23:00:00,0.10366663712167509
2025-06-19 23:00:00,0.10376893977717697
2025-06-20 23:00:00,0.10346017378205391
2025-06-23 23:00:00,0.10421910190231128
2025-06-24 23:00:00,0.1049318493871193
2025-06-25 23:00:00,0.10552608446518852
2025-06-26 23:00:00,0.10529203007772132
2025-06-27 23:00:00,0.10538357249256913
2025-06-30 23:00:00,0.10576811715299729
2025-07-01 23:00:00,0.10553137421372531
2025-07-02 23:00:00,0.1050894836953666
2025-07-03 23:00:00,0.10435504927123651
2025-07-04 23:00:00,0.10462226393163145
2025-07-07 23:00:00,0.10486170314281011
2025-07-08 23:00:00,0.10499354552178905
2025-07-09 23:00:00,0.10515573301169699
2025-07-10 23:00:00,0.10526144047123442
2025-07-11 23:00:00,0.10459206219462386
2025-07-14 23:00:00,0.10406747735231525
2025-07-15 23:00:00,0.10286055194972177
2025-07-16 23:00:00,0.1030146728949338
2025-07-17 23:00:00,0.10258093635878708
2025-07-18 23:00:00,0.10338914796486216
2025-07-21 23:00:00,0.10437874034692361
2025-07-22 23:00:00,0.10507921396544787
2025-07-23 23:00:00,0.10520452021741566
2025-07-24 23:00:00,0.10474439748403956
2025-07-25 23:00:00,0.10523657181343661
2025-07-28 23:00:00,0.10405664843941041
2025-07-29 23:00:00,0.1036231846513339
2025-07-30 23:00:00,0.10211896859841715
2025-07-31 23:00:00,0.10209029886934995
2025-08-01 23:00:00,0.10366615351920674
2025-08-04 23:00:00,0.10347034358879643
2025-08-05 23:00:00,0.10342812521008839
2025-08-06 23:00:00,0.10411509715760578
2025-08-07 23:00:00,0.10451608790012025
2025-08-08 23:00:00,0.10446755498910926
